DATE,ret
12/31/96,9.55
1/1/97,
1/2/97,9.57
1/3/97,9.58
1/6/97,9.61
1/7/97,9.63
1/8/97,9.63
1/9/97,9.6
1/10/97,9.64
1/13/97,9.64
1/14/97,9.59
1/15/97,9.56
1/16/97,9.56
1/17/97,9.56
1/20/97,9.55
1/21/97,9.53
1/22/97,9.52
1/23/97,9.53
1/24/97,9.53
1/27/97,9.54
1/28/97,9.52
1/29/97,9.49
1/30/97,9.49
1/31/97,9.49
2/3/97,9.45
2/4/97,9.44
2/5/97,9.43
2/6/97,9.42
2/7/97,9.39
2/10/97,9.37
2/11/97,9.36
2/12/97,9.35
2/13/97,9.31
2/14/97,9.27
2/17/97,
2/18/97,9.27
2/19/97,9.26
2/20/97,9.25
2/21/97,9.23
2/24/97,9.22
2/25/97,9.21
2/26/97,9.24
2/27/97,9.27
2/28/97,9.34
3/3/97,9.32
3/4/97,9.31
3/5/97,9.32
3/6/97,9.33
3/7/97,9.31
3/10/97,9.31
3/11/97,9.3
3/12/97,9.31
3/13/97,9.35
3/14/97,9.36
3/17/97,9.37
3/18/97,9.38
3/19/97,9.41
3/20/97,9.43
3/21/97,9.44
3/24/97,9.44
3/25/97,9.45
3/26/97,9.51
3/27/97,9.58
3/28/97,
3/31/97,9.78
4/1/97,9.8
4/2/97,9.82
4/3/97,9.83
4/4/97,9.86
4/7/97,9.82
4/8/97,9.84
4/9/97,9.83
4/10/97,9.83
4/11/97,9.87
4/14/97,9.88
4/15/97,9.81
4/16/97,9.8
4/17/97,9.79
4/18/97,9.75
4/21/97,9.75
4/22/97,9.73
4/23/97,9.74
4/24/97,9.74
4/25/97,9.74
4/28/97,9.75
4/29/97,9.69
4/30/97,9.67
5/1/97,9.61
5/2/97,9.58
5/5/97,9.55
5/6/97,9.53
5/7/97,9.55
5/8/97,9.53
5/9/97,9.48
5/12/97,9.47
5/13/97,9.44
5/14/97,9.41
5/15/97,9.38
5/16/97,9.37
5/19/97,9.37
5/20/97,9.36
5/21/97,9.38
5/22/97,9.38
5/23/97,9.36
5/26/97,
5/27/97,9.37
5/28/97,9.37
5/29/97,9.34
5/30/97,9.3
5/31/97,9.35
6/2/97,9.35
6/3/97,9.33
6/4/97,9.31
6/5/97,9.3
6/6/97,9.26
6/9/97,9.22
6/10/97,9.2
6/11/97,9.18
6/12/97,9.14
6/13/97,9.12
6/16/97,9.09
6/17/97,9.08
6/18/97,9.09
6/19/97,9.1
6/20/97,9.09
6/23/97,9.11
6/24/97,9.1
6/25/97,9.08
6/26/97,9.14
6/27/97,9.13
6/30/97,9.23
7/1/97,9.2
7/2/97,9.22
7/3/97,9.19
7/4/97,
7/7/97,9.17
7/8/97,9.16
7/9/97,9.13
7/10/97,9.12
7/11/97,9.08
7/14/97,9.06
7/15/97,9.02
7/16/97,8.98
7/17/97,8.98
7/18/97,8.99
7/21/97,9
7/22/97,8.95
7/23/97,8.92
7/24/97,8.92
7/25/97,8.92
7/28/97,8.89
7/29/97,8.88
7/30/97,8.85
7/31/97,8.82
8/1/97,8.85
8/4/97,8.86
8/5/97,8.86
8/6/97,8.85
8/7/97,8.85
8/8/97,8.93
8/11/97,8.93
8/12/97,8.97
8/13/97,8.96
8/14/97,8.93
8/15/97,8.91
8/18/97,8.91
8/19/97,8.9
8/20/97,8.91
8/21/97,8.93
8/22/97,8.95
8/25/97,8.96
8/26/97,8.96
8/27/97,8.97
8/28/97,8.95
8/29/97,8.96
8/31/97,9.04
9/1/97,
9/2/97,9.01
9/3/97,9.01
9/4/97,9.02
9/5/97,9.03
9/8/97,9.01
9/9/97,9.01
9/10/97,9
9/11/97,9.01
9/12/97,8.98
9/15/97,8.96
9/16/97,8.88
9/17/97,8.83
9/18/97,8.79
9/19/97,8.77
9/22/97,8.78
9/23/97,8.77
9/24/97,8.76
9/25/97,8.78
9/26/97,8.76
9/29/97,8.77
9/30/97,8.82
10/1/97,8.77
10/2/97,8.75
10/3/97,8.72
10/6/97,8.69
10/7/97,8.67
10/8/97,8.67
10/9/97,8.71
10/10/97,8.71
10/13/97,8.74
10/14/97,8.71
10/15/97,8.69
10/16/97,8.69
10/17/97,8.72
10/20/97,8.72
10/21/97,8.72
10/22/97,8.72
10/23/97,8.71
10/24/97,8.71
10/27/97,8.79
10/28/97,8.94
10/29/97,8.87
10/30/97,8.87
10/31/97,8.97
11/3/97,8.96
11/4/97,8.92
11/5/97,8.89
11/6/97,8.87
11/7/97,8.88
11/10/97,8.87
11/11/97,8.86
11/12/97,8.86
11/13/97,8.88
11/14/97,8.89
11/17/97,8.88
11/18/97,8.87
11/19/97,8.86
11/20/97,8.87
11/21/97,8.86
11/24/97,8.86
11/25/97,8.86
11/26/97,8.85
11/27/97,8.85
11/28/97,8.85
11/30/97,8.91
12/1/97,8.91
12/2/97,8.88
12/3/97,8.86
12/4/97,8.86
12/5/97,8.87
12/8/97,8.87
12/9/97,8.87
12/10/97,8.85
12/11/97,8.83
12/12/97,8.82
12/15/97,8.8
12/16/97,8.8
12/17/97,8.82
12/18/97,8.79
12/19/97,8.79
12/22/97,8.79
12/23/97,8.8
12/24/97,8.81
12/25/97,
12/26/97,8.81
12/29/97,8.82
12/30/97,8.83
12/31/97,8.85
1/1/98,
1/2/98,8.81
1/5/98,8.74
1/6/98,8.72
1/7/98,8.74
1/8/98,8.7
1/9/98,8.66
1/12/98,8.66
1/13/98,8.67
1/14/98,8.66
1/15/98,8.65
1/16/98,8.65
1/19/98,8.65
1/20/98,8.65
1/21/98,8.62
1/22/98,8.62
1/23/98,8.66
1/26/98,8.64
1/27/98,8.67
1/28/98,8.66
1/29/98,8.61
1/30/98,8.6
1/31/98,8.64
2/2/98,8.62
2/3/98,8.62
2/4/98,8.62
2/5/98,8.63
2/6/98,8.63
2/9/98,8.64
2/10/98,8.64
2/11/98,8.61
2/12/98,8.6
2/13/98,8.59
2/16/98,8.58
2/17/98,8.56
2/18/98,8.56
2/19/98,8.57
2/20/98,8.58
2/23/98,8.59
2/24/98,8.64
2/25/98,8.64
2/26/98,8.64
2/27/98,8.64
2/28/98,8.65
3/2/98,8.67
3/3/98,8.71
3/4/98,8.72
3/5/98,8.73
3/6/98,8.72
3/9/98,8.71
3/10/98,8.71
3/11/98,8.69
3/12/98,8.66
3/13/98,8.66
3/16/98,8.61
3/17/98,8.61
3/18/98,8.6
3/19/98,8.6
3/20/98,8.58
3/23/98,8.57
3/24/98,8.56
3/25/98,8.58
3/26/98,8.58
3/27/98,8.57
3/30/98,8.59
3/31/98,8.66
4/1/98,8.63
4/2/98,8.62
4/3/98,8.58
4/6/98,8.58
4/7/98,8.6
4/8/98,8.61
4/9/98,8.61
4/10/98,
4/13/98,8.64
4/14/98,8.63
4/15/98,8.6
4/16/98,8.59
4/17/98,8.59
4/20/98,8.6
4/21/98,8.62
4/22/98,8.62
4/23/98,8.62
4/24/98,8.61
4/27/98,8.73
4/28/98,8.72
4/29/98,8.74
4/30/98,8.82
5/1/98,8.79
5/4/98,8.77
5/5/98,8.78
5/6/98,8.77
5/7/98,8.78
5/8/98,8.79
5/11/98,8.83
5/12/98,8.83
5/13/98,8.82
5/14/98,8.84
5/15/98,8.83
5/18/98,8.82
5/19/98,8.83
5/20/98,8.82
5/21/98,8.83
5/22/98,8.82
5/25/98,8.82
5/26/98,8.8
5/27/98,8.8
5/28/98,8.8
5/29/98,8.79
5/31/98,8.94
6/1/98,8.9
6/2/98,8.9
6/3/98,8.9
6/4/98,8.9
6/5/98,8.9
6/8/98,8.89
6/9/98,8.89
6/10/98,8.88
6/11/98,8.86
6/12/98,8.86
6/15/98,8.85
6/16/98,8.9
6/17/98,8.95
6/18/98,8.93
6/19/98,8.92
6/22/98,8.93
6/23/98,8.94
6/24/98,8.92
6/25/98,8.91
6/26/98,8.9
6/29/98,8.91
6/30/98,9.04
7/1/98,9.02
7/2/98,9.01
7/3/98,9.01
7/6/98,9
7/7/98,9
7/8/98,8.99
7/9/98,8.98
7/10/98,8.98
7/13/98,8.99
7/14/98,8.99
7/15/98,8.96
7/16/98,8.97
7/17/98,8.98
7/20/98,8.96
7/21/98,8.94
7/22/98,8.94
7/23/98,8.94
7/24/98,8.94
7/27/98,8.95
7/28/98,8.93
7/29/98,8.99
7/30/98,8.99
7/31/98,9.06
8/3/98,9.05
8/4/98,9.08
8/5/98,9.1
8/6/98,9.1
8/7/98,9.12
8/10/98,9.15
8/11/98,9.28
8/12/98,9.3
8/13/98,9.34
8/14/98,9.33
8/17/98,9.38
8/18/98,9.41
8/19/98,9.42
8/20/98,9.43
8/21/98,9.55
8/24/98,9.57
8/25/98,9.6
8/26/98,9.7
8/27/98,9.97
8/28/98,10.1
8/31/98,10.38
9/1/98,10.45
9/2/98,10.47
9/3/98,10.47
9/4/98,10.48
9/7/98,10.47
9/8/98,10.45
9/9/98,10.47
9/10/98,10.52
9/11/98,10.62
9/14/98,10.62
9/15/98,10.64
9/16/98,10.63
9/17/98,10.58
9/18/98,10.59
9/21/98,10.58
9/22/98,10.56
9/23/98,10.5
9/24/98,10.46
9/25/98,10.45
9/28/98,10.44
9/29/98,10.45
9/30/98,10.48
10/1/98,10.46
10/2/98,10.52
10/5/98,10.58
10/6/98,10.62
10/7/98,10.7
10/8/98,11.05
10/9/98,11.2
10/12/98,11.2
10/13/98,11.19
10/14/98,11.29
10/15/98,11.34
10/16/98,11.31
10/19/98,11.31
10/20/98,11.26
10/21/98,11.23
10/22/98,11.18
10/23/98,11.14
10/26/98,11.11
10/27/98,11.08
10/28/98,11.09
10/29/98,11.05
10/30/98,11.02
10/31/98,11.17
11/2/98,11.11
11/3/98,11.04
11/4/98,11.05
11/5/98,11.02
11/6/98,11.01
11/9/98,10.91
11/10/98,10.82
11/11/98,10.79
11/12/98,10.72
11/13/98,10.67
11/16/98,10.59
11/17/98,10.53
11/18/98,10.49
11/19/98,10.44
11/20/98,10.41
11/23/98,10.39
11/24/98,10.36
11/25/98,10.32
11/26/98,10.32
11/27/98,10.31
11/30/98,10.29
12/1/98,10.27
12/2/98,10.26
12/3/98,10.25
12/4/98,10.28
12/7/98,10.31
12/8/98,10.29
12/9/98,10.29
12/10/98,10.29
12/11/98,10.34
12/14/98,10.38
12/15/98,10.38
12/16/98,10.4
12/17/98,10.4
12/18/98,10.4
12/21/98,10.42
12/22/98,10.43
12/23/98,10.45
12/24/98,10.45
12/25/98,
12/28/98,10.42
12/29/98,10.41
12/30/98,10.39
12/31/98,10.53
1/1/99,
1/4/99,10.51
1/5/99,10.51
1/6/99,10.48
1/7/99,10.49
1/8/99,10.47
1/11/99,10.49
1/12/99,10.47
1/13/99,10.54
1/14/99,10.52
1/15/99,10.53
1/18/99,10.53
1/19/99,10.49
1/20/99,10.47
1/21/99,10.45
1/22/99,10.45
1/25/99,10.43
1/26/99,10.43
1/27/99,10.41
1/28/99,10.39
1/29/99,10.38
1/31/99,10.44
2/1/99,10.46
2/2/99,10.49
2/3/99,10.5
2/4/99,10.5
2/5/99,10.51
2/8/99,10.5
2/9/99,10.49
2/10/99,10.49
2/11/99,10.48
2/12/99,10.52
2/15/99,10.5
2/16/99,10.5
2/17/99,10.5
2/18/99,10.51
2/19/99,10.53
2/22/99,10.55
2/23/99,10.59
2/24/99,10.61
2/25/99,10.7
2/26/99,10.7
2/28/99,10.69
3/1/99,10.74
3/2/99,10.76
3/3/99,10.81
3/4/99,10.82
3/5/99,10.81
3/8/99,10.82
3/9/99,10.77
3/10/99,10.74
3/11/99,10.73
3/12/99,10.7
3/15/99,10.69
3/16/99,10.67
3/17/99,10.67
3/18/99,10.65
3/19/99,10.64
3/22/99,10.65
3/23/99,10.66
3/24/99,10.63
3/25/99,10.64
3/26/99,10.63
3/29/99,10.65
3/30/99,10.63
3/31/99,10.63
4/1/99,10.62
4/2/99,10.6
4/5/99,10.59
4/6/99,10.54
4/7/99,10.49
4/8/99,10.44
4/9/99,10.43
4/12/99,10.41
4/13/99,10.4
4/14/99,10.38
4/15/99,10.36
4/16/99,10.37
4/19/99,10.36
4/20/99,10.36
4/21/99,10.35
4/22/99,10.36
4/23/99,10.35
4/26/99,10.35
4/27/99,10.34
4/28/99,10.34
4/29/99,10.34
4/30/99,10.23
5/3/99,10.2
5/4/99,10.19
5/5/99,10.22
5/6/99,10.24
5/7/99,10.28
5/10/99,10.3
5/11/99,10.33
5/12/99,10.35
5/13/99,10.32
5/14/99,10.41
5/17/99,10.44
5/18/99,10.45
5/19/99,10.46
5/20/99,10.49
5/21/99,10.48
5/24/99,10.51
5/25/99,10.51
5/26/99,10.54
5/27/99,10.57
5/28/99,10.59
5/31/99,10.6
6/1/99,10.64
6/2/99,10.66
6/3/99,10.68
6/4/99,10.69
6/7/99,10.7
6/8/99,10.69
6/9/99,10.7
6/10/99,10.75
6/11/99,10.78
6/14/99,10.79
6/15/99,10.77
6/16/99,10.76
6/17/99,10.72
6/18/99,10.74
6/21/99,10.75
6/22/99,10.76
6/23/99,10.78
6/24/99,10.79
6/25/99,10.78
6/28/99,10.8
6/29/99,10.79
6/30/99,10.81
7/1/99,10.8
7/2/99,10.78
7/5/99,10.79
7/6/99,10.79
7/7/99,10.8
7/8/99,10.78
7/9/99,10.79
7/12/99,10.76
7/13/99,10.75
7/14/99,10.74
7/15/99,10.68
7/16/99,10.66
7/19/99,10.67
7/20/99,10.67
7/21/99,10.67
7/22/99,10.74
7/23/99,10.79
7/26/99,10.81
7/27/99,10.85
7/28/99,10.86
7/29/99,10.89
7/30/99,10.92
7/31/99,10.78
8/2/99,10.78
8/3/99,10.84
8/4/99,10.9
8/5/99,10.9
8/6/99,10.97
8/9/99,10.99
8/10/99,11.05
8/11/99,11.05
8/12/99,11.03
8/13/99,10.99
8/16/99,10.97
8/17/99,10.95
8/18/99,10.97
8/19/99,11
8/20/99,11
8/23/99,11.01
8/24/99,11.01
8/25/99,10.99
8/26/99,10.99
8/27/99,11.02
8/30/99,11.07
8/31/99,11.1
9/1/99,11.1
9/2/99,11.12
9/3/99,11.1
9/6/99,11.1
9/7/99,11.11
9/8/99,11.12
9/9/99,11.13
9/10/99,11.13
9/13/99,11.14
9/14/99,11.17
9/15/99,11.17
9/16/99,11.17
9/17/99,11.17
9/20/99,11.19
9/21/99,11.2
9/22/99,11.21
9/23/99,11.21
9/24/99,11.21
9/27/99,11.25
9/28/99,11.27
9/29/99,11.29
9/30/99,11.22
10/1/99,11.3
10/4/99,11.29
10/5/99,11.32
10/6/99,11.31
10/7/99,11.29
10/8/99,11.29
10/11/99,11.29
10/12/99,11.31
10/13/99,11.34
10/14/99,11.36
10/15/99,11.33
10/18/99,11.36
10/19/99,11.37
10/20/99,11.38
10/21/99,11.39
10/22/99,11.4
10/25/99,11.42
10/26/99,11.44
10/27/99,11.47
10/28/99,11.47
10/29/99,11.46
10/31/99,11.41
11/1/99,11.38
11/2/99,11.37
11/3/99,11.35
11/4/99,11.31
11/5/99,11.28
11/8/99,11.28
11/9/99,11.27
11/10/99,11.29
11/11/99,11.3
11/12/99,11.29
11/15/99,11.28
11/16/99,11.28
11/17/99,11.3
11/18/99,11.29
11/19/99,11.29
11/22/99,11.29
11/23/99,11.27
11/24/99,11.26
11/25/99,11.27
11/26/99,11.27
11/29/99,11.27
11/30/99,11.26
12/1/99,11.25
12/2/99,11.22
12/3/99,11.19
12/6/99,11.17
12/7/99,11.14
12/8/99,11.15
12/9/99,11.13
12/10/99,11.1
12/13/99,11.11
12/14/99,11.14
12/15/99,11.12
12/16/99,11.18
12/17/99,11.19
12/20/99,11.21
12/21/99,11.22
12/22/99,11.22
12/23/99,11.23
12/24/99,11.23
12/27/99,11.24
12/28/99,11.25
12/29/99,11.26
12/30/99,11.25
12/31/99,11.34
1/3/00,11.39
1/4/00,11.43
1/5/00,11.47
1/6/00,11.47
1/7/00,11.47
1/10/00,11.47
1/11/00,11.49
1/12/00,11.51
1/13/00,11.51
1/14/00,11.53
1/17/00,11.51
1/18/00,11.54
1/19/00,11.55
1/20/00,11.55
1/21/00,11.54
1/24/00,11.54
1/25/00,11.54
1/26/00,11.55
1/27/00,11.55
1/28/00,11.55
1/31/00,11.62
2/1/00,11.59
2/2/00,11.59
2/3/00,11.59
2/4/00,11.57
2/7/00,11.62
2/8/00,11.59
2/9/00,11.58
2/10/00,11.59
2/11/00,11.59
2/14/00,11.6
2/15/00,11.58
2/16/00,11.6
2/17/00,11.6
2/18/00,11.6
2/21/00,11.6
2/22/00,11.59
2/23/00,11.61
2/24/00,11.61
2/25/00,11.63
2/28/00,11.66
2/29/00,11.73
3/1/00,11.72
3/2/00,11.76
3/3/00,11.76
3/6/00,11.76
3/7/00,11.75
3/8/00,11.78
3/9/00,11.78
3/10/00,11.8
3/13/00,11.81
3/14/00,11.83
3/15/00,11.87
3/16/00,11.89
3/17/00,11.87
3/20/00,11.88
3/21/00,11.89
3/22/00,11.93
3/23/00,11.94
3/24/00,11.98
3/27/00,12
3/28/00,12.05
3/29/00,12.14
3/30/00,12.21
3/31/00,12.08
4/3/00,12.06
4/4/00,12.08
4/5/00,12.11
4/6/00,12.09
4/7/00,12.06
4/10/00,12.05
4/11/00,12.08
4/12/00,12.1
4/13/00,12.11
4/14/00,12.12
4/17/00,12.12
4/18/00,12.14
4/19/00,12.11
4/20/00,12.11
4/21/00,
4/24/00,12.14
4/25/00,12.16
4/26/00,12.16
4/27/00,12.21
4/28/00,12.23
4/30/00,12.41
5/1/00,12.37
5/2/00,12.37
5/3/00,12.42
5/4/00,12.43
5/5/00,12.48
5/8/00,12.51
5/9/00,12.52
5/10/00,12.53
5/11/00,12.52
5/12/00,12.55
5/15/00,12.51
5/16/00,12.52
5/17/00,12.57
5/18/00,12.61
5/19/00,12.65
5/22/00,12.64
5/23/00,12.71
5/24/00,12.74
5/25/00,12.78
5/26/00,12.78
5/29/00,12.78
5/30/00,12.78
5/31/00,12.71
6/1/00,12.66
6/2/00,12.6
6/5/00,12.6
6/6/00,12.59
6/7/00,12.56
6/8/00,12.55
6/9/00,12.5
6/12/00,12.49
6/13/00,12.5
6/14/00,12.49
6/15/00,12.42
6/16/00,12.42
6/19/00,12.43
6/20/00,12.42
6/21/00,12.43
6/22/00,12.43
6/23/00,12.41
6/26/00,12.4
6/27/00,12.4
6/28/00,12.4
6/29/00,12.39
6/30/00,12.42
7/3/00,12.42
7/4/00,12.42
7/5/00,12.41
7/6/00,12.42
7/7/00,12.4
7/10/00,12.39
7/11/00,12.39
7/12/00,12.42
7/13/00,12.39
7/14/00,12.36
7/17/00,12.34
7/18/00,12.33
7/19/00,12.34
7/20/00,12.31
7/21/00,12.31
7/24/00,12.3
7/25/00,12.31
7/26/00,12.34
7/27/00,12.34
7/28/00,12.37
7/31/00,12.47
8/1/00,12.48
8/2/00,12.46
8/3/00,12.45
8/4/00,12.44
8/7/00,12.44
8/8/00,12.42
8/9/00,12.41
8/10/00,12.41
8/11/00,12.42
8/14/00,12.45
8/15/00,12.45
8/16/00,12.47
8/17/00,12.48
8/18/00,12.48
8/21/00,12.49
8/22/00,12.47
8/23/00,12.46
8/24/00,12.46
8/25/00,12.44
8/28/00,12.42
8/29/00,12.4
8/30/00,12.37
8/31/00,12.43
9/1/00,12.41
9/4/00,12.41
9/5/00,12.33
9/6/00,12.32
9/7/00,12.3
9/8/00,12.29
9/11/00,12.31
9/12/00,12.32
9/13/00,12.32
9/14/00,12.32
9/15/00,12.31
9/18/00,12.38
9/19/00,12.44
9/20/00,12.49
9/21/00,12.5
9/22/00,12.51
9/25/00,12.51
9/26/00,12.53
9/27/00,12.62
9/28/00,12.68
9/29/00,12.67
9/30/00,12.72
10/2/00,12.73
10/3/00,12.75
10/4/00,12.79
10/5/00,12.82
10/6/00,12.84
10/9/00,12.85
10/10/00,12.89
10/11/00,13.02
10/12/00,13.05
10/13/00,13.15
10/16/00,13.15
10/17/00,13.26
10/18/00,13.37
10/19/00,13.38
10/20/00,13.38
10/23/00,13.38
10/24/00,13.38
10/25/00,13.37
10/26/00,13.44
10/27/00,13.47
10/30/00,13.5
10/31/00,13.67
11/1/00,13.6
11/2/00,13.65
11/3/00,13.67
11/6/00,13.7
11/7/00,13.72
11/8/00,13.69
11/9/00,13.71
11/10/00,13.74
11/13/00,13.75
11/14/00,13.75
11/15/00,13.73
11/16/00,13.75
11/17/00,13.8
11/20/00,13.87
11/21/00,14.02
11/22/00,14.09
11/23/00,14.09
11/24/00,14.12
11/27/00,14.17
11/28/00,14.23
11/29/00,14.35
11/30/00,14.61
12/1/00,14.6
12/4/00,14.67
12/5/00,14.63
12/6/00,14.56
12/7/00,14.56
12/8/00,14.56
12/11/00,14.5
12/12/00,14.41
12/13/00,14.29
12/14/00,14.27
12/15/00,14.19
12/18/00,14.19
12/19/00,14.17
12/20/00,14.17
12/21/00,14.19
12/22/00,14.2
12/25/00,
12/26/00,14.22
12/27/00,14.25
12/28/00,14.24
12/29/00,14.23
12/31/00,14.36
1/1/01,
1/2/01,14.32
1/3/01,14.28
1/4/01,14.15
1/5/01,14.02
1/8/01,13.94
1/9/01,13.84
1/10/01,13.79
1/11/01,13.63
1/12/01,13.58
1/15/01,13.53
1/16/01,13.51
1/17/01,13.43
1/18/01,13.37
1/19/01,13.31
1/22/01,13.3
1/23/01,13.28
1/24/01,13.26
1/25/01,13.23
1/26/01,13.21
1/29/01,13.21
1/30/01,13.15
1/31/01,12.9
2/1/01,12.78
2/2/01,12.76
2/5/01,12.74
2/6/01,12.71
2/7/01,12.71
2/8/01,12.68
2/9/01,12.63
2/12/01,12.64
2/13/01,12.65
2/14/01,12.63
2/15/01,12.59
2/16/01,12.59
2/19/01,12.6
2/20/01,12.61
2/21/01,12.66
2/22/01,12.71
2/23/01,12.71
2/26/01,12.69
2/27/01,12.62
2/28/01,12.55
3/1/01,12.52
3/2/01,12.56
3/5/01,12.55
3/6/01,12.53
3/7/01,12.49
3/8/01,12.45
3/9/01,12.44
3/12/01,12.5
3/13/01,12.55
3/14/01,12.65
3/15/01,12.64
3/16/01,12.72
3/19/01,12.82
3/20/01,12.84
3/21/01,12.95
3/22/01,13.06
3/23/01,13.04
3/26/01,12.97
3/27/01,12.94
3/28/01,12.96
3/29/01,12.97
3/30/01,12.99
3/31/01,12.98
4/2/01,13.02
4/3/01,13.25
4/4/01,13.34
4/5/01,13.42
4/6/01,13.44
4/9/01,13.46
4/10/01,13.4
4/11/01,13.4
4/12/01,13.39
4/13/01,
4/16/01,13.38
4/17/01,13.4
4/18/01,13.34
4/19/01,13.53
4/20/01,13.54
4/23/01,13.59
4/24/01,13.6
4/25/01,13.24
4/26/01,13.2
4/27/01,13.22
4/30/01,13.14
5/1/01,12.98
5/2/01,12.84
5/3/01,12.79
5/4/01,12.78
5/7/01,12.77
5/8/01,12.75
5/9/01,12.76
5/10/01,12.77
5/11/01,12.8
5/14/01,12.83
5/15/01,12.77
5/16/01,12.8
5/17/01,12.8
5/18/01,12.77
5/21/01,12.73
5/22/01,12.73
5/23/01,12.73
5/24/01,12.74
5/25/01,12.73
5/28/01,12.74
5/29/01,12.73
5/30/01,12.77
5/31/01,12.8
6/1/01,12.74
6/4/01,12.75
6/5/01,12.75
6/6/01,12.73
6/7/01,12.73
6/8/01,12.75
6/11/01,12.74
6/12/01,12.75
6/13/01,12.83
6/14/01,13.01
6/15/01,12.95
6/18/01,13.09
6/19/01,13.18
6/20/01,13.26
6/21/01,13.26
6/22/01,13.26
6/25/01,13.27
6/26/01,13.31
6/27/01,13.3
6/28/01,13.34
6/29/01,13.27
6/30/01,13.29
7/2/01,13.21
7/3/01,13.19
7/4/01,13.19
7/5/01,13.19
7/6/01,13.19
7/9/01,13.18
7/10/01,13.19
7/11/01,13.21
7/12/01,13.22
7/13/01,13.23
7/16/01,13.18
7/17/01,13.22
7/18/01,13.24
7/19/01,13.24
7/20/01,13.21
7/23/01,13.18
7/24/01,13.16
7/25/01,13.17
7/26/01,13.1
7/27/01,13.05
7/30/01,13.06
7/31/01,12.98
8/1/01,12.82
8/2/01,12.75
8/3/01,12.74
8/6/01,12.72
8/7/01,12.68
8/8/01,12.65
8/9/01,12.66
8/10/01,12.68
8/13/01,12.72
8/14/01,12.71
8/15/01,12.66
8/16/01,12.66
8/17/01,12.66
8/20/01,12.69
8/21/01,12.71
8/22/01,12.75
8/23/01,12.75
8/24/01,12.76
8/27/01,12.78
8/28/01,12.75
8/29/01,12.74
8/30/01,12.72
8/31/01,12.62
9/3/01,12.6
9/4/01,12.6
9/5/01,12.63
9/6/01,12.65
9/7/01,12.7
9/10/01,12.73
9/11/01,
9/12/01,
9/13/01,
9/14/01,13.49
9/17/01,13.71
9/18/01,13.7
9/19/01,13.74
9/20/01,13.87
9/21/01,14.04
9/24/01,14
9/25/01,14.03
9/26/01,14.06
9/27/01,14.09
9/28/01,14.33
9/30/01,14.28
10/1/01,14.2
10/2/01,14.19
10/3/01,14.15
10/4/01,14.12
10/5/01,14.09
10/8/01,14.04
10/9/01,14.05
10/10/01,13.98
10/11/01,13.95
10/12/01,13.88
10/15/01,13.71
10/16/01,13.67
10/17/01,13.64
10/18/01,13.65
10/19/01,13.68
10/22/01,13.67
10/23/01,13.66
10/24/01,13.65
10/25/01,13.6
10/26/01,13.58
10/29/01,13.55
10/30/01,13.57
10/31/01,13.4
11/1/01,13.3
11/2/01,13.3
11/5/01,13.27
11/6/01,13.27
11/7/01,13.21
11/8/01,13.13
11/9/01,13.1
11/12/01,13.11
11/13/01,13.11
11/14/01,13.08
11/15/01,12.87
11/16/01,12.78
11/19/01,12.73
11/20/01,12.72
11/21/01,12.7
11/22/01,12.69
11/23/01,12.68
11/26/01,12.7
11/27/01,12.64
11/28/01,12.59
11/29/01,12.58
11/30/01,12.67
12/3/01,12.62
12/4/01,12.66
12/5/01,12.66
12/6/01,12.68
12/7/01,12.7
12/10/01,12.83
12/11/01,12.86
12/12/01,12.89
12/13/01,12.92
12/14/01,13.01
12/17/01,12.96
12/18/01,12.93
12/19/01,12.94
12/20/01,12.93
12/21/01,12.92
12/24/01,12.94
12/25/01,
12/26/01,12.95
12/27/01,12.93
12/28/01,12.95
12/31/01,12.81
1/1/02,
1/2/02,12.8
1/3/02,12.69
1/4/02,12.65
1/7/02,12.61
1/8/02,12.61
1/9/02,12.59
1/10/02,12.52
1/11/02,12.51
1/14/02,12.51
1/15/02,12.56
1/16/02,12.59
1/17/02,12.63
1/18/02,12.64
1/21/02,12.66
1/22/02,12.66
1/23/02,12.69
1/24/02,12.69
1/25/02,12.69
1/28/02,12.66
1/29/02,12.69
1/30/02,12.72
1/31/02,12.42
2/1/02,12.26
2/4/02,12.27
2/5/02,12.33
2/6/02,12.4
2/7/02,12.41
2/8/02,12.41
2/11/02,12.43
2/12/02,12.45
2/13/02,12.44
2/14/02,12.48
2/15/02,12.43
2/18/02,12.43
2/19/02,12.45
2/20/02,12.52
2/21/02,12.52
2/22/02,12.56
2/25/02,12.61
2/26/02,12.62
2/27/02,12.58
2/28/02,12.53
3/1/02,12.47
3/4/02,12.43
3/5/02,12.35
3/6/02,12.31
3/7/02,12.24
3/8/02,12.19
3/11/02,12.17
3/12/02,12.14
3/13/02,12.13
3/14/02,12.13
3/15/02,12.07
3/18/02,12.06
3/19/02,12.04
3/20/02,12.02
3/21/02,12.04
3/22/02,12.05
3/25/02,12.04
3/26/02,12.04
3/27/02,12.03
3/28/02,12.06
3/29/02,
3/31/02,12.08
4/1/02,11.98
4/2/02,11.95
4/3/02,11.96
4/4/02,11.97
4/5/02,11.94
4/8/02,11.93
4/9/02,11.92
4/10/02,11.88
4/11/02,11.88
4/12/02,11.92
4/15/02,11.89
4/16/02,11.87
4/17/02,11.83
4/18/02,11.8
4/19/02,11.8
4/22/02,11.82
4/23/02,11.81
4/24/02,11.77
4/25/02,11.77
4/26/02,11.76
4/29/02,11.74
4/30/02,11.46
5/1/02,11.41
5/2/02,11.45
5/3/02,11.46
5/6/02,11.49
5/7/02,11.53
5/8/02,11.54
5/9/02,11.5
5/10/02,11.51
5/13/02,11.58
5/14/02,11.59
5/15/02,11.58
5/16/02,11.63
5/17/02,11.66
5/20/02,11.67
5/21/02,11.65
5/22/02,11.64
5/23/02,11.62
5/24/02,11.62
5/27/02,11.6
5/28/02,11.6
5/29/02,11.6
5/30/02,11.62
5/31/02,11.76
6/3/02,11.71
6/4/02,11.75
6/5/02,11.74
6/6/02,11.75
6/7/02,11.85
6/10/02,11.9
6/11/02,11.94
6/12/02,12.02
6/13/02,12.02
6/14/02,12.09
6/17/02,12.07
6/18/02,12.05
6/19/02,12.06
6/20/02,12.14
6/21/02,12.26
6/24/02,12.38
6/25/02,12.45
6/26/02,13.1
6/27/02,13.27
6/28/02,13.37
6/30/02,12.98
7/1/02,12.91
7/2/02,13.05
7/3/02,13.13
7/4/02,13.13
7/5/02,13.2
7/8/02,13.18
7/9/02,13.08
7/10/02,13.06
7/11/02,13.22
7/12/02,13.2
7/15/02,13.14
7/16/02,13.17
7/17/02,13.17
7/18/02,13.19
7/19/02,13.24
7/22/02,13.26
7/23/02,13.43
7/24/02,13.65
7/25/02,13.64
7/26/02,13.74
7/29/02,13.8
7/30/02,13.82
7/31/02,13.45
8/1/02,13.2
8/2/02,13.28
8/5/02,13.38
8/6/02,13.41
8/7/02,13.4
8/8/02,13.46
8/9/02,13.42
8/12/02,13.47
8/13/02,13.53
8/14/02,13.62
8/15/02,13.51
8/16/02,13.56
8/19/02,13.55
8/20/02,13.42
8/21/02,13.39
8/22/02,13.25
8/23/02,13.15
8/26/02,13.05
8/27/02,13
8/28/02,12.96
8/29/02,12.95
8/30/02,12.93
8/31/02,13.08
9/2/02,13.06
9/3/02,13.06
9/4/02,13.03
9/5/02,13.05
9/6/02,13.05
9/9/02,13.07
9/10/02,13.04
9/11/02,13.03
9/12/02,12.96
9/13/02,12.93
9/16/02,12.85
9/17/02,12.83
9/18/02,12.87
9/19/02,12.96
9/20/02,13.05
9/23/02,13.17
9/24/02,13.32
9/25/02,13.34
9/26/02,13.33
9/27/02,13.38
9/30/02,13.36
10/1/02,13.39
10/2/02,13.42
10/3/02,13.48
10/4/02,13.55
10/7/02,13.67
10/8/02,13.83
10/9/02,14.06
10/10/02,14.14
10/11/02,14.14
10/14/02,14.15
10/15/02,14
10/16/02,14.03
10/17/02,14.03
10/18/02,14.04
10/21/02,14.01
10/22/02,14.01
10/23/02,14
10/24/02,13.91
10/25/02,13.87
10/28/02,13.81
10/29/02,13.75
10/30/02,13.72
10/31/02,13.66
11/1/02,13.59
11/4/02,13.49
11/5/02,13.41
11/6/02,13.28
11/7/02,13.19
11/8/02,13.19
11/11/02,13.2
11/12/02,13.16
11/13/02,13.11
11/14/02,13.12
11/15/02,12.98
11/18/02,12.87
11/19/02,12.78
11/20/02,12.66
11/21/02,12.5
11/22/02,12.43
11/25/02,12.38
11/26/02,12.41
11/27/02,12.39
11/28/02,12.4
11/29/02,12.41
11/30/02,12.29
12/2/02,12.17
12/3/02,12.16
12/4/02,12.22
12/5/02,12.26
12/6/02,12.31
12/9/02,12.35
12/10/02,12.31
12/11/02,12.31
12/12/02,12.29
12/13/02,12.26
12/16/02,12.21
12/17/02,12.2
12/18/02,12.17
12/19/02,12.16
12/20/02,12.12
12/23/02,12.13
12/24/02,12.11
12/25/02,
12/26/02,12.1
12/27/02,12.09
12/30/02,12.08
12/31/02,11.93
1/1/03,
1/2/03,11.89
1/3/03,11.81
1/6/03,11.7
1/7/03,11.5
1/8/03,11.38
1/9/03,11.34
1/10/03,11.3
1/13/03,11.26
1/14/03,11.26
1/15/03,11.23
1/16/03,11.27
1/17/03,11.32
1/20/03,11.32
1/21/03,11.31
1/22/03,11.35
1/23/03,11.31
1/24/03,11.31
1/27/03,11.44
1/28/03,11.43
1/29/03,11.45
1/30/03,11.42
1/31/03,11.49
2/3/03,11.42
2/4/03,11.43
2/5/03,11.46
2/6/03,11.5
2/7/03,11.5
2/10/03,11.54
2/11/03,11.52
2/12/03,11.59
2/13/03,11.7
2/14/03,11.71
2/17/03,11.67
2/18/03,11.65
2/19/03,11.56
2/20/03,11.5
2/21/03,11.45
2/24/03,11.41
2/25/03,11.4
2/26/03,11.37
2/27/03,11.33
2/28/03,11.29
3/3/03,11.18
3/4/03,11.17
3/5/03,11.16
3/6/03,11.17
3/7/03,11.16
3/10/03,11.13
3/11/03,11.11
3/12/03,11.14
3/13/03,11.13
3/14/03,11.11
3/17/03,11.08
3/18/03,11.03
3/19/03,11.06
3/20/03,11.05
3/21/03,10.99
3/24/03,10.99
3/25/03,10.98
3/26/03,10.93
3/27/03,10.88
3/28/03,10.82
3/31/03,10.77
4/1/03,10.63
4/2/03,10.5
4/3/03,10.42
4/4/03,10.37
4/7/03,10.32
4/8/03,10.35
4/9/03,10.41
4/10/03,10.41
4/11/03,10.38
4/14/03,10.35
4/15/03,10.25
4/16/03,10.2
4/17/03,10.16
4/18/03,
4/21/03,10.12
4/22/03,10.06
4/23/03,9.92
4/24/03,9.82
4/25/03,9.77
4/28/03,9.74
4/29/03,9.67
4/30/03,9.51
5/1/03,9.42
5/2/03,9.37
5/5/03,9.33
5/6/03,9.33
5/7/03,9.35
5/8/03,9.42
5/9/03,9.4
5/12/03,9.36
5/13/03,9.34
5/14/03,9.37
5/15/03,9.32
5/16/03,9.31
5/19/03,9.33
5/20/03,9.37
5/21/03,9.43
5/22/03,9.44
5/23/03,9.44
5/26/03,9.45
5/27/03,9.5
5/28/03,9.5
5/29/03,9.42
5/30/03,9.37
5/31/03,9.4
6/2/03,9.32
6/3/03,9.3
6/4/03,9.22
6/5/03,9.16
6/6/03,9.08
6/9/03,9.04
6/10/03,9.01
6/11/03,8.95
6/12/03,8.9
6/13/03,8.82
6/16/03,8.74
6/17/03,8.67
6/18/03,8.65
6/19/03,8.66
6/20/03,8.68
6/23/03,8.74
6/24/03,8.77
6/25/03,8.75
6/26/03,8.78
6/27/03,8.81
6/30/03,8.91
7/1/03,8.94
7/2/03,8.94
7/3/03,8.96
7/4/03,8.96
7/7/03,8.95
7/8/03,8.9
7/9/03,8.87
7/10/03,8.87
7/11/03,8.86
7/14/03,8.84
7/15/03,8.81
7/16/03,8.87
7/17/03,8.87
7/18/03,8.9
7/21/03,8.91
7/22/03,8.96
7/23/03,8.97
7/24/03,8.99
7/25/03,9.02
7/28/03,9.05
7/29/03,9.14
7/30/03,9.26
7/31/03,9.3
8/1/03,9.37
8/4/03,9.35
8/5/03,9.42
8/6/03,9.54
8/7/03,9.57
8/8/03,9.55
8/11/03,9.57
8/12/03,9.58
8/13/03,9.63
8/14/03,9.73
8/15/03,9.69
8/18/03,9.64
8/19/03,9.48
8/20/03,9.37
8/21/03,9.28
8/22/03,9.24
8/25/03,9.22
8/26/03,9.2
8/27/03,9.15
8/28/03,9.09
8/29/03,9.03
8/31/03,9.13
9/1/03,9.12
9/2/03,9.01
9/3/03,8.96
9/4/03,8.95
9/5/03,8.94
9/8/03,8.9
9/9/03,8.84
9/10/03,8.83
9/11/03,8.84
9/12/03,8.83
9/15/03,8.8
9/16/03,8.8
9/17/03,8.73
9/18/03,8.67
9/19/03,8.63
9/22/03,8.66
9/23/03,8.7
9/24/03,8.66
9/25/03,8.65
9/26/03,8.64
9/29/03,8.62
9/30/03,8.61
10/1/03,8.56
10/2/03,8.53
10/3/03,8.55
10/6/03,8.55
10/7/03,8.52
10/8/03,8.48
10/9/03,8.46
10/10/03,8.42
10/13/03,8.42
10/14/03,8.38
10/15/03,8.3
10/16/03,8.27
10/17/03,8.26
10/20/03,8.24
10/21/03,8.22
10/22/03,8.27
10/23/03,8.31
10/24/03,8.27
10/27/03,8.25
10/28/03,8.23
10/29/03,8.2
10/30/03,8.2
10/31/03,8.25
11/3/03,8.22
11/4/03,8.2
11/5/03,8.2
11/6/03,8.2
11/7/03,8.21
11/10/03,8.2
11/11/03,8.2
11/12/03,8.2
11/13/03,8.19
11/14/03,8.17
11/17/03,8.11
11/18/03,8.09
11/19/03,8.08
11/20/03,8.12
11/21/03,8.1
11/24/03,8.1
11/25/03,8.02
11/26/03,8.01
11/27/03,8.01
11/28/03,8
11/30/03,8.09
12/1/03,8.05
12/2/03,8.01
12/3/03,7.95
12/4/03,7.9
12/5/03,7.84
12/8/03,7.82
12/9/03,7.8
12/10/03,7.79
12/11/03,7.81
12/12/03,7.8
12/15/03,7.76
12/16/03,7.75
12/17/03,7.74
12/18/03,7.72
12/19/03,7.7
12/22/03,7.68
12/23/03,7.66
12/24/03,7.65
12/25/03,
12/26/03,7.65
12/29/03,7.65
12/30/03,7.63
12/31/03,7.69
1/1/04,
1/2/04,7.69
1/5/04,7.6
1/6/04,7.49
1/7/04,7.41
1/8/04,7.36
1/9/04,7.32
1/12/04,7.3
1/13/04,7.3
1/14/04,7.27
1/15/04,7.21
1/16/04,7.21
1/19/04,7.2
1/20/04,7.19
1/21/04,7.15
1/22/04,7.11
1/23/04,7.1
1/26/04,7.14
1/27/04,7.2
1/28/04,7.26
1/29/04,7.37
1/30/04,7.42
1/31/04,7.48
2/2/04,7.49
2/3/04,7.54
2/4/04,7.58
2/5/04,7.66
2/6/04,7.69
2/9/04,7.61
2/10/04,7.61
2/11/04,7.58
2/12/04,7.51
2/13/04,7.51
2/16/04,7.48
2/17/04,7.48
2/18/04,7.49
2/19/04,7.5
2/20/04,7.52
2/23/04,7.56
2/24/04,7.61
2/25/04,7.57
2/26/04,7.56
2/27/04,7.52
2/29/04,7.58
3/1/04,7.55
3/2/04,7.53
3/3/04,7.54
3/4/04,7.53
3/5/04,7.45
3/8/04,7.4
3/9/04,7.38
3/10/04,7.37
3/11/04,7.42
3/12/04,7.42
3/15/04,7.44
3/16/04,7.47
3/17/04,7.45
3/18/04,7.47
3/19/04,7.47
3/22/04,7.49
3/23/04,7.5
3/24/04,7.52
3/25/04,7.5
3/26/04,7.49
3/29/04,7.45
3/30/04,7.45
3/31/04,7.52
4/1/04,7.49
4/2/04,7.57
4/5/04,7.6
4/6/04,7.58
4/7/04,7.55
4/8/04,7.53
4/9/04,
4/12/04,7.51
4/13/04,7.57
4/14/04,7.64
4/15/04,7.62
4/16/04,7.72
4/19/04,7.59
4/20/04,7.59
4/21/04,7.63
4/22/04,7.59
4/23/04,7.7
4/26/04,7.57
4/27/04,7.56
4/28/04,7.6
4/29/04,7.68
4/30/04,7.78
5/3/04,7.8
5/4/04,7.88
5/5/04,7.89
5/6/04,8
5/7/04,8.14
5/10/04,8.35
5/11/04,8.37
5/12/04,8.45
5/13/04,8.57
5/14/04,8.6
5/17/04,8.56
5/18/04,8.51
5/19/04,8.43
5/20/04,8.45
5/21/04,8.43
5/24/04,8.38
5/25/04,8.36
5/26/04,8.29
5/27/04,8.25
5/28/04,8.24
5/31/04,8.32
6/1/04,8.32
6/2/04,8.33
6/3/04,8.34
6/4/04,8.32
6/7/04,8.3
6/8/04,8.25
6/9/04,8.25
6/10/04,8.25
6/11/04,8.25
6/14/04,8.27
6/15/04,8.2
6/16/04,8.17
6/17/04,8.14
6/18/04,8.13
6/21/04,8.1
6/22/04,8.07
6/23/04,8.06
6/24/04,8.03
6/25/04,8.02
6/28/04,8.03
6/29/04,8.05
6/30/04,8.16
7/1/04,8.12
7/2/04,8.06
7/5/04,8.06
7/6/04,8.04
7/7/04,8.01
7/8/04,7.98
7/9/04,7.96
7/12/04,7.94
7/13/04,7.92
7/14/04,7.89
7/15/04,7.85
7/16/04,7.81
7/19/04,7.78
7/20/04,7.76
7/21/04,7.79
7/22/04,7.82
7/23/04,7.84
7/26/04,7.87
7/27/04,7.95
7/28/04,7.98
7/29/04,7.94
7/30/04,7.9
7/31/04,7.96
8/2/04,7.95
8/3/04,7.93
8/4/04,7.94
8/5/04,7.91
8/6/04,7.84
8/9/04,7.85
8/10/04,7.86
8/11/04,7.86
8/12/04,7.88
8/13/04,7.86
8/16/04,7.84
8/17/04,7.81
8/18/04,7.77
8/19/04,7.75
8/20/04,7.74
8/23/04,7.72
8/24/04,7.71
8/25/04,7.67
8/26/04,7.65
8/27/04,7.63
8/30/04,7.6
8/31/04,7.67
9/1/04,7.66
9/2/04,7.63
9/3/04,7.65
9/6/04,7.65
9/7/04,7.66
9/8/04,7.59
9/9/04,7.56
9/10/04,7.53
9/13/04,7.5
9/14/04,7.46
9/15/04,7.47
9/16/04,7.47
9/17/04,7.43
9/20/04,7.41
9/21/04,7.39
9/22/04,7.37
9/23/04,7.35
9/24/04,7.36
9/27/04,7.36
9/28/04,7.37
9/29/04,7.4
9/30/04,7.48
10/1/04,7.48
10/4/04,7.48
10/5/04,7.48
10/6/04,7.45
10/7/04,7.43
10/8/04,7.39
10/11/04,7.38
10/12/04,7.37
10/13/04,7.37
10/14/04,7.34
10/15/04,7.33
10/18/04,7.36
10/19/04,7.36
10/20/04,7.37
10/21/04,7.34
10/22/04,7.31
10/25/04,7.28
10/26/04,7.25
10/27/04,7.23
10/28/04,7.18
10/29/04,7.12
10/31/04,7.21
11/1/04,7.19
11/2/04,7.16
11/3/04,7.1
11/4/04,7.05
11/5/04,7.06
11/8/04,7.08
11/9/04,7.09
11/10/04,7.11
11/11/04,7.11
11/12/04,7.09
11/15/04,7.06
11/16/04,7.06
11/17/04,7.04
11/18/04,7
11/19/04,6.99
11/22/04,7.01
11/23/04,7
11/24/04,7
11/25/04,7.06
11/26/04,6.99
11/29/04,7.04
11/30/04,7.13
12/1/04,7.12
12/2/04,7.12
12/3/04,7.08
12/6/04,7.05
12/7/04,7.02
12/8/04,6.98
12/9/04,6.96
12/10/04,6.95
12/13/04,6.93
12/14/04,6.92
12/15/04,6.86
12/16/04,6.87
12/17/04,6.89
12/20/04,6.89
12/21/04,6.88
12/22/04,6.87
12/23/04,6.88
12/24/04,
12/27/04,6.89
12/28/04,6.89
12/29/04,6.89
12/30/04,6.88
12/31/04,6.98
1/3/05,6.94
1/4/05,6.93
1/5/05,7
1/6/05,7.03
1/7/05,7.04
1/10/05,7.07
1/11/05,7.13
1/12/05,7.13
1/13/05,7.13
1/14/05,7.15
1/17/05,7.13
1/18/05,7.16
1/19/05,7.15
1/20/05,7.2
1/21/05,7.21
1/24/05,7.2
1/25/05,7.18
1/26/05,7.17
1/27/05,7.14
1/28/05,7.13
1/31/05,7.17
2/1/05,7.14
2/2/05,7.09
2/3/05,7.06
2/4/05,7.02
2/7/05,7
2/8/05,6.96
2/9/05,6.97
2/10/05,6.98
2/11/05,6.99
2/14/05,6.95
2/15/05,6.92
2/16/05,6.91
2/17/05,6.92
2/18/05,6.93
2/21/05,6.93
2/22/05,6.95
2/23/05,6.94
2/24/05,6.92
2/25/05,6.9
2/28/05,6.98
3/1/05,6.99
3/2/05,7.01
3/3/05,7.01
3/4/05,6.98
3/7/05,6.94
3/8/05,6.95
3/9/05,7.01
3/10/05,7.04
3/11/05,7.07
3/14/05,7.1
3/15/05,7.11
3/16/05,7.21
3/17/05,7.27
3/18/05,7.29
3/21/05,7.4
3/22/05,7.48
3/23/05,7.61
3/24/05,7.59
3/25/05,
3/28/05,7.63
3/29/05,7.69
3/30/05,7.76
3/31/05,7.84
4/1/05,7.82
4/4/05,7.85
4/5/05,7.81
4/6/05,7.73
4/7/05,7.68
4/8/05,7.69
4/11/05,7.73
4/12/05,7.76
4/13/05,7.79
4/14/05,7.9
4/15/05,7.96
4/18/05,8.02
4/19/05,8
4/20/05,7.95
4/21/05,7.93
4/22/05,7.92
4/25/05,7.94
4/26/05,8
4/27/05,8.09
4/28/05,8.14
4/29/05,8.17
4/30/05,8.21
5/2/05,8.18
5/3/05,8.17
5/4/05,8.12
5/5/05,8.1
5/6/05,8.15
5/9/05,8.15
5/10/05,8.18
5/11/05,8.25
5/12/05,8.28
5/13/05,8.35
5/16/05,8.45
5/17/05,8.52
5/18/05,8.46
5/19/05,8.36
5/20/05,8.31
5/23/05,8.22
5/24/05,8.17
5/25/05,8.07
5/26/05,8.01
5/27/05,7.95
5/30/05,7.95
5/31/05,7.99
6/1/05,7.89
6/2/05,7.75
6/3/05,7.73
6/6/05,7.81
6/7/05,7.77
6/8/05,7.79
6/9/05,7.84
6/10/05,7.82
6/13/05,7.83
6/14/05,7.81
6/15/05,7.76
6/16/05,7.77
6/17/05,7.76
6/20/05,7.78
6/21/05,7.74
6/22/05,7.72
6/23/05,7.72
6/24/05,7.73
6/27/05,7.74
6/28/05,7.7
6/29/05,7.68
6/30/05,7.7
7/1/05,7.7
7/4/05,7.69
7/5/05,7.72
7/6/05,7.73
7/7/05,7.72
7/8/05,7.68
7/11/05,7.62
7/12/05,7.58
7/13/05,7.58
7/14/05,7.54
7/15/05,7.51
7/18/05,7.52
7/19/05,7.52
7/20/05,7.51
7/21/05,7.53
7/22/05,7.52
7/25/05,7.51
7/26/05,7.51
7/27/05,7.48
7/28/05,7.46
7/29/05,7.45
7/31/05,7.51
8/1/05,7.52
8/2/05,7.54
8/3/05,7.53
8/4/05,7.54
8/5/05,7.6
8/8/05,7.66
8/9/05,7.65
8/10/05,7.64
8/11/05,7.63
8/12/05,7.61
8/15/05,7.59
8/16/05,7.58
8/17/05,7.58
8/18/05,7.56
8/19/05,7.54
8/22/05,7.54
8/23/05,7.53
8/24/05,7.51
8/25/05,7.49
8/26/05,7.5
8/29/05,7.51
8/30/05,7.52
8/31/05,7.62
9/1/05,7.62
9/2/05,7.64
9/5/05,7.64
9/6/05,7.63
9/7/05,7.64
9/8/05,7.64
9/9/05,7.63
9/12/05,7.63
9/13/05,7.62
9/14/05,7.64
9/15/05,7.66
9/16/05,7.7
9/19/05,7.75
9/20/05,7.81
9/21/05,7.85
9/22/05,7.9
9/23/05,7.89
9/26/05,7.87
9/27/05,7.88
9/28/05,7.89
9/29/05,7.9
9/30/05,7.84
10/3/05,7.82
10/4/05,7.82
10/5/05,7.84
10/6/05,7.88
10/7/05,7.91
10/10/05,7.91
10/11/05,8.01
10/12/05,8.11
10/13/05,8.19
10/14/05,8.16
10/17/05,8.05
10/18/05,7.99
10/19/05,8.02
10/20/05,8
10/21/05,7.95
10/24/05,7.96
10/25/05,7.97
10/26/05,8.04
10/27/05,8.1
10/28/05,8.12
10/31/05,8.15
11/1/05,8.12
11/2/05,8.12
11/3/05,8.1
11/4/05,8.11
11/7/05,8.12
11/8/05,8.1
11/9/05,8.12
11/10/05,8.13
11/11/05,8.12
11/14/05,8.18
11/15/05,8.18
11/16/05,8.21
11/17/05,8.23
11/18/05,8.19
11/21/05,8.17
11/22/05,8.16
11/23/05,8.15
11/24/05,8.15
11/25/05,8.14
11/28/05,8.11
11/29/05,8.09
11/30/05,8.17
12/1/05,8.15
12/2/05,8.16
12/5/05,8.18
12/6/05,8.18
12/7/05,8.17
12/8/05,8.16
12/9/05,8.14
12/12/05,8.13
12/13/05,8.12
12/14/05,8.11
12/15/05,8.11
12/16/05,8.1
12/19/05,8.1
12/20/05,8.12
12/21/05,8.1
12/22/05,8.1
12/23/05,8.1
12/26/05,
12/27/05,8.08
12/28/05,8.07
12/29/05,8.06
12/30/05,8.06
12/31/05,8.13
1/2/06,
1/3/06,8.1
1/4/06,8.04
1/5/06,8
1/6/06,7.94
1/9/06,7.89
1/10/06,7.93
1/11/06,7.94
1/12/06,7.95
1/13/06,7.98
1/16/06,7.96
1/17/06,7.99
1/18/06,8
1/19/06,7.98
1/20/06,7.99
1/23/06,7.97
1/24/06,7.94
1/25/06,7.93
1/26/06,7.95
1/27/06,7.92
1/30/06,7.89
1/31/06,7.96
2/1/06,7.94
2/2/06,7.94
2/3/06,7.95
2/6/06,7.96
2/7/06,7.99
2/8/06,8
2/9/06,7.99
2/10/06,8
2/13/06,8.01
2/14/06,8.03
2/15/06,7.98
2/16/06,7.95
2/17/06,7.91
2/20/06,7.91
2/21/06,7.92
2/22/06,7.92
2/23/06,7.93
2/24/06,7.94
2/27/06,7.96
2/28/06,8
3/1/06,8.01
3/2/06,8.03
3/3/06,8.05
3/6/06,8.07
3/7/06,8.1
3/8/06,8.11
3/9/06,8.12
3/10/06,8.12
3/13/06,8.11
3/14/06,8.09
3/15/06,8.06
3/16/06,8.02
3/17/06,8.01
3/20/06,7.98
3/21/06,7.96
3/22/06,7.95
3/23/06,7.97
3/24/06,7.95
3/27/06,7.94
3/28/06,7.94
3/29/06,7.99
3/30/06,8
3/31/06,8.01
4/3/06,7.99
4/4/06,8
4/5/06,7.99
4/6/06,8.02
4/7/06,8.03
4/10/06,8.06
4/11/06,8.05
4/12/06,8.05
4/13/06,8.08
4/14/06,
4/17/06,8.07
4/18/06,8.06
4/19/06,8.06
4/20/06,8.04
4/21/06,8.03
4/24/06,8.02
4/25/06,8.03
4/26/06,8.05
4/27/06,8.04
4/28/06,8.01
4/30/06,8.05
5/1/06,8.04
5/2/06,8.03
5/3/06,8.04
5/4/06,8.04
5/5/06,8.03
5/8/06,8.02
5/9/06,8.01
5/10/06,7.99
5/11/06,8
5/12/06,8.04
5/15/06,8.04
5/16/06,8.06
5/17/06,8.14
5/18/06,8.13
5/19/06,8.11
5/22/06,8.16
5/23/06,8.17
5/24/06,8.2
5/25/06,8.18
5/26/06,8.15
5/29/06,8.15
5/30/06,8.16
5/31/06,8.23
6/1/06,8.23
6/2/06,8.2
6/5/06,8.21
6/6/06,8.25
6/7/06,8.25
6/8/06,8.26
6/9/06,8.26
6/12/06,8.25
6/13/06,8.29
6/14/06,8.39
6/15/06,8.41
6/16/06,8.41
6/19/06,8.42
6/20/06,8.46
6/21/06,8.52
6/22/06,8.54
6/23/06,8.56
6/26/06,8.6
6/27/06,8.59
6/28/06,8.6
6/29/06,8.54
6/30/06,8.5
7/3/06,8.49
7/4/06,8.49
7/5/06,8.51
7/6/06,8.51
7/7/06,8.48
7/10/06,8.45
7/11/06,8.45
7/12/06,8.45
7/13/06,8.48
7/14/06,8.51
7/17/06,8.51
7/18/06,8.52
7/19/06,8.5
7/20/06,8.47
7/21/06,8.46
7/24/06,8.47
7/25/06,8.45
7/26/06,8.42
7/27/06,8.4
7/28/06,8.39
7/31/06,8.43
8/1/06,8.41
8/2/06,8.37
8/3/06,8.36
8/4/06,8.33
8/7/06,8.33
8/8/06,8.32
8/9/06,8.32
8/10/06,8.34
8/11/06,8.35
8/14/06,8.36
8/15/06,8.32
8/16/06,8.28
8/17/06,8.26
8/18/06,8.25
8/21/06,8.26
8/22/06,8.26
8/23/06,8.26
8/24/06,8.26
8/25/06,8.26
8/28/06,8.24
8/29/06,8.23
8/30/06,8.21
8/31/06,8.24
9/1/06,8.22
9/4/06,8.22
9/5/06,8.21
9/6/06,8.2
9/7/06,8.2
9/8/06,8.19
9/11/06,8.19
9/12/06,8.17
9/13/06,8.14
9/14/06,8.14
9/15/06,8.14
9/18/06,8.15
9/19/06,8.14
9/20/06,8.13
9/21/06,8.14
9/22/06,8.14
9/25/06,8.12
9/26/06,8.1
9/27/06,8.07
9/28/06,8.07
9/29/06,8.07
9/30/06,8.08
10/2/06,8.06
10/3/06,8.05
10/4/06,8.01
10/5/06,8
10/6/06,8.02
10/9/06,8.02
10/10/06,8.03
10/11/06,8.04
10/12/06,8.02
10/13/06,8.01
10/16/06,7.98
10/17/06,7.99
10/18/06,7.97
10/19/06,7.97
10/20/06,7.98
10/23/06,7.99
10/24/06,7.99
10/25/06,7.99
10/26/06,7.96
10/27/06,7.92
10/30/06,7.91
10/31/06,7.91
11/1/06,7.86
11/2/06,7.85
11/3/06,7.85
11/6/06,7.85
11/7/06,7.81
11/8/06,7.8
11/9/06,7.77
11/10/06,7.76
11/13/06,7.75
11/14/06,7.72
11/15/06,7.7
11/16/06,7.69
11/17/06,7.69
11/20/06,7.7
11/21/06,7.74
11/22/06,7.74
11/23/06,7.74
11/24/06,7.74
11/27/06,7.74
11/28/06,7.75
11/29/06,7.7
11/30/06,7.69
12/1/06,7.65
12/4/06,7.64
12/5/06,7.59
12/6/06,7.56
12/7/06,7.55
12/8/06,7.58
12/11/06,7.57
12/12/06,7.57
12/13/06,7.6
12/14/06,7.62
12/15/06,7.6
12/18/06,7.6
12/19/06,7.6
12/20/06,7.59
12/21/06,7.57
12/22/06,7.57
12/25/06,
12/26/06,7.56
12/27/06,7.56
12/28/06,7.56
12/29/06,7.56
12/31/06,7.63
1/1/07,
1/2/07,7.62
1/3/07,7.6
1/4/07,7.59
1/5/07,7.6
1/8/07,7.61
1/9/07,7.58
1/10/07,7.58
1/11/07,7.59
1/12/07,7.59
1/15/07,7.58
1/16/07,7.55
1/17/07,7.53
1/18/07,7.51
1/19/07,7.51
1/22/07,7.48
1/23/07,7.48
1/24/07,7.46
1/25/07,7.46
1/26/07,7.49
1/29/07,7.49
1/30/07,7.52
1/31/07,7.58
2/1/07,7.53
2/2/07,7.52
2/5/07,7.5
2/6/07,7.46
2/7/07,7.42
2/8/07,7.42
2/9/07,7.41
2/12/07,7.42
2/13/07,7.42
2/14/07,7.38
2/15/07,7.33
2/16/07,7.29
2/19/07,7.29
2/20/07,7.28
2/21/07,7.26
2/22/07,7.26
2/23/07,7.26
2/26/07,7.24
2/27/07,7.33
2/28/07,7.38
3/1/07,7.41
3/2/07,7.44
3/5/07,7.52
3/6/07,7.49
3/7/07,7.43
3/8/07,7.37
3/9/07,7.37
3/12/07,7.38
3/13/07,7.43
3/14/07,7.46
3/15/07,7.43
3/16/07,7.44
3/19/07,7.43
3/20/07,7.44
3/21/07,7.42
3/22/07,7.4
3/23/07,7.4
3/26/07,7.4
3/27/07,7.41
3/28/07,7.44
3/29/07,7.43
3/30/07,7.43
3/31/07,7.49
4/2/07,7.49
4/3/07,7.49
4/4/07,7.5
4/5/07,7.5
4/6/07,
4/9/07,7.5
4/10/07,7.5
4/11/07,7.49
4/12/07,7.48
4/13/07,7.48
4/16/07,7.44
4/17/07,7.41
4/18/07,7.38
4/19/07,7.37
4/20/07,7.34
4/23/07,7.32
4/24/07,7.3
4/25/07,7.3
4/26/07,7.3
4/27/07,7.31
4/30/07,7.35
5/1/07,7.37
5/2/07,7.35
5/3/07,7.34
5/4/07,7.33
5/7/07,7.32
5/8/07,7.32
5/9/07,7.31
5/10/07,7.3
5/11/07,7.3
5/14/07,7.3
5/15/07,7.28
5/16/07,7.29
5/17/07,7.31
5/18/07,7.31
5/21/07,7.29
5/22/07,7.3
5/23/07,7.3
5/24/07,7.31
5/25/07,7.31
5/28/07,
5/29/07,7.32
5/30/07,7.34
5/31/07,7.37
6/1/07,7.38
6/4/07,7.39
6/5/07,7.41
6/6/07,7.46
6/7/07,7.56
6/8/07,7.61
6/11/07,7.61
6/12/07,7.7
6/13/07,7.7
6/14/07,7.69
6/15/07,7.65
6/18/07,7.63
6/19/07,7.65
6/20/07,7.68
6/21/07,7.77
6/22/07,7.77
6/25/07,7.81
6/26/07,7.83
6/27/07,7.89
6/28/07,7.89
6/29/07,7.87
6/30/07,7.98
7/2/07,7.99
7/3/07,8
7/4/07,8
7/5/07,8.03
7/6/07,8.05
7/9/07,8.05
7/10/07,8.11
7/11/07,8.19
7/12/07,8.15
7/13/07,8.12
7/16/07,8.07
7/17/07,8.09
7/18/07,8.17
7/19/07,8.18
7/20/07,8.28
7/23/07,8.36
7/24/07,8.51
7/25/07,8.56
7/26/07,8.83
7/27/07,8.99
7/30/07,8.99
7/31/07,8.9
8/1/07,8.98
8/2/07,8.89
8/3/07,8.88
8/6/07,8.95
8/7/07,8.9
8/8/07,8.74
8/9/07,8.76
8/10/07,8.83
8/13/07,8.79
8/14/07,8.81
8/15/07,8.87
8/16/07,9.05
8/17/07,9
8/20/07,8.97
8/21/07,8.95
8/22/07,8.89
8/23/07,8.83
8/24/07,8.82
8/27/07,8.8
8/28/07,8.84
8/29/07,8.86
8/30/07,8.84
8/31/07,8.96
9/3/07,8.96
9/4/07,8.95
9/5/07,8.91
9/6/07,8.91
9/7/07,8.91
9/10/07,8.93
9/11/07,8.94
9/12/07,8.93
9/13/07,8.9
9/14/07,8.89
9/17/07,8.84
9/18/07,8.76
9/19/07,8.63
9/20/07,8.67
9/21/07,8.59
9/24/07,8.52
9/25/07,8.56
9/26/07,8.52
9/27/07,8.5
9/28/07,8.51
9/30/07,8.55
10/1/07,8.54
10/2/07,8.52
10/3/07,8.5
10/4/07,8.47
10/5/07,8.46
10/8/07,8.46
10/9/07,8.41
10/10/07,8.38
10/11/07,8.34
10/12/07,8.34
10/15/07,8.31
10/16/07,8.37
10/17/07,8.4
10/18/07,8.49
10/19/07,8.54
10/22/07,8.57
10/23/07,8.52
10/24/07,8.53
10/25/07,8.53
10/26/07,8.55
10/29/07,8.55
10/30/07,8.55
10/31/07,8.63
11/1/07,8.66
11/2/07,8.69
11/5/07,8.75
11/6/07,8.76
11/7/07,8.81
11/8/07,8.88
11/9/07,8.95
11/12/07,8.95
11/13/07,9.05
11/14/07,9.03
11/15/07,9.12
11/16/07,9.22
11/19/07,9.37
11/20/07,9.44
11/21/07,9.51
11/22/07,9.52
11/23/07,9.48
11/26/07,9.44
11/27/07,9.5
11/28/07,9.43
11/29/07,9.35
11/30/07,9.37
12/3/07,9.34
12/4/07,9.4
12/5/07,9.38
12/6/07,9.4
12/7/07,9.37
12/10/07,9.33
12/11/07,9.27
12/12/07,9.31
12/13/07,9.36
12/14/07,9.39
12/17/07,9.39
12/18/07,9.4
12/19/07,9.4
12/20/07,9.43
12/21/07,9.47
12/24/07,9.48
12/25/07,
12/26/07,9.49
12/27/07,9.47
12/28/07,9.44
12/31/07,9.53
1/1/08,
1/2/08,9.54
1/3/08,9.61
1/4/08,9.72
1/7/08,9.79
1/8/08,9.91
1/9/08,10.08
1/10/08,10.05
1/11/08,10.01
1/14/08,9.98
1/15/08,9.99
1/16/08,10.08
1/17/08,10.16
1/18/08,10.19
1/21/08,10.19
1/22/08,10.33
1/23/08,10.35
1/24/08,10.23
1/25/08,10.05
1/28/08,10.08
1/29/08,9.98
1/30/08,9.98
1/31/08,10.03
2/1/08,9.98
2/4/08,9.97
2/5/08,10.03
2/6/08,10.07
2/7/08,10.17
2/8/08,10.25
2/11/08,10.34
2/12/08,10.39
2/13/08,10.39
2/14/08,10.34
2/15/08,10.37
2/18/08,10.37
2/19/08,10.44
2/20/08,10.5
2/21/08,10.45
2/22/08,10.45
2/25/08,10.43
2/26/08,10.34
2/27/08,10.33
2/28/08,10.38
2/29/08,10.49
3/3/08,10.56
3/4/08,10.59
3/5/08,10.59
3/6/08,10.62
3/7/08,10.68
3/10/08,10.74
3/11/08,10.83
3/12/08,10.89
3/13/08,11.04
3/14/08,10.99
3/17/08,11.12
3/18/08,11.06
3/19/08,10.95
3/20/08,10.97
3/21/08,
3/24/08,10.88
3/25/08,10.77
3/26/08,10.76
3/27/08,10.74
3/28/08,10.74
3/31/08,10.9
4/1/08,10.86
4/2/08,10.77
4/3/08,10.71
4/4/08,10.58
4/7/08,10.46
4/8/08,10.48
4/9/08,10.5
4/10/08,10.57
4/11/08,10.55
4/14/08,10.56
4/15/08,10.53
4/16/08,10.48
4/17/08,10.45
4/18/08,10.28
4/21/08,10.24
4/22/08,10.2
4/23/08,10.18
4/24/08,10.18
4/25/08,10.15
4/28/08,10.12
4/29/08,10.11
4/30/08,10.07
5/1/08,10.02
5/2/08,9.95
5/5/08,9.95
5/6/08,10.02
5/7/08,10.01
5/8/08,10.03
5/9/08,10.07
5/12/08,10.09
5/13/08,10.11
5/14/08,10.05
5/15/08,9.99
5/16/08,9.94
5/19/08,9.89
5/20/08,9.89
5/21/08,9.92
5/22/08,9.99
5/23/08,10
5/26/08,10
5/27/08,10.11
5/28/08,10.1
5/29/08,10.12
5/30/08,10.1
5/31/08,10.09
6/2/08,10.12
6/3/08,10.15
6/4/08,10.18
6/5/08,10.1
6/6/08,10.06
6/9/08,10.11
6/10/08,10.16
6/11/08,10.18
6/12/08,10.22
6/13/08,10.23
6/16/08,10.2
6/17/08,10.18
6/18/08,10.22
6/19/08,10.29
6/20/08,10.38
6/23/08,10.49
6/24/08,10.66
6/25/08,10.67
6/26/08,10.79
6/27/08,10.9
6/30/08,10.83
7/1/08,10.95
7/2/08,10.96
7/3/08,11.06
7/4/08,11.06
7/7/08,11.12
7/8/08,11.19
7/9/08,11.09
7/10/08,11.15
7/11/08,11.3
7/14/08,11.21
7/15/08,11.33
7/16/08,11.35
7/17/08,11.26
7/18/08,11.19
7/21/08,11.1
7/22/08,11.16
7/23/08,11.09
7/24/08,11.1
7/25/08,11.15
7/28/08,11.24
7/29/08,11.3
7/30/08,11.29
7/31/08,11.39
8/1/08,11.48
8/4/08,11.52
8/5/08,11.52
8/6/08,11.49
8/7/08,11.46
8/8/08,11.48
8/11/08,11.46
8/12/08,11.4
8/13/08,11.42
8/14/08,11.39
8/15/08,11.35
8/18/08,11.36
8/19/08,11.43
8/20/08,11.45
8/21/08,11.49
8/22/08,11.5
8/25/08,11.49
8/26/08,11.48
8/27/08,11.48
8/28/08,11.47
8/29/08,11.46
8/31/08,11.54
9/1/08,11.54
9/2/08,11.52
9/3/08,11.53
9/4/08,11.55
9/5/08,11.58
9/8/08,11.52
9/9/08,11.53
9/10/08,11.58
9/11/08,11.62
9/12/08,11.62
9/15/08,11.8
9/16/08,12.09
9/17/08,12.29
9/18/08,12.48
9/19/08,12.31
9/22/08,12.35
9/23/08,12.52
9/24/08,12.69
9/25/08,13.01
9/26/08,13.34
9/29/08,13.56
9/30/08,14.03
10/1/08,14.21
10/2/08,14.8
10/3/08,15.04
10/6/08,15.6
10/7/08,15.79
10/8/08,16.35
10/9/08,16.86
10/10/08,18.26
10/13/08,18.27
10/14/08,17.59
10/15/08,18.15
10/16/08,18.67
10/17/08,18.91
10/20/08,18.7
10/21/08,18.63
10/22/08,18.76
10/23/08,19.01
10/24/08,19.44
10/27/08,19.61
10/28/08,19.55
10/29/08,19.08
10/30/08,18.83
10/31/08,19.08
11/3/08,19.09
11/4/08,18.85
11/5/08,18.71
11/6/08,18.81
11/7/08,18.99
11/10/08,19
11/11/08,19.01
11/12/08,19.35
11/13/08,19.61
11/14/08,19.66
11/17/08,19.86
11/18/08,20.27
11/19/08,20.81
11/20/08,21.51
11/21/08,21.99
11/24/08,22.12
11/25/08,21.92
11/26/08,21.76
11/27/08,21.77
11/28/08,21.72
11/30/08,21.81
12/1/08,21.92
12/2/08,21.89
12/3/08,22.05
12/4/08,22.12
12/5/08,22.45
12/8/08,22.38
12/9/08,22.25
12/10/08,22.34
12/11/08,22.53
12/12/08,22.86
12/15/08,23.26
12/16/08,22.78
12/17/08,22.4
12/18/08,22
12/19/08,21.78
12/22/08,21.58
12/23/08,21.24
12/24/08,21.26
12/25/08,
12/26/08,20.96
12/29/08,20.61
12/30/08,19.84
12/31/08,19.57
1/1/09,
1/2/09,19.46
1/5/09,19.05
1/6/09,18.32
1/7/09,18.04
1/8/09,18.24
1/9/09,18.18
1/12/09,18.13
1/13/09,18.27
1/14/09,18.25
1/15/09,18.37
1/16/09,18.27
1/19/09,18.29
1/20/09,18.28
1/21/09,18.36
1/22/09,18.36
1/23/09,18.45
1/26/09,18.47
1/27/09,18.42
1/28/09,18.17
1/29/09,18.12
1/30/09,18.14
1/31/09,18.18
2/2/09,18.22
2/3/09,18.22
2/4/09,18.13
2/5/09,18.09
2/6/09,18.07
2/9/09,18.04
2/10/09,17.95
2/11/09,18.01
2/12/09,18.06
2/13/09,18.14
2/16/09,17.99
2/17/09,18.21
2/18/09,18.44
2/19/09,18.42
2/20/09,18.63
2/23/09,18.73
2/24/09,19.13
2/25/09,19.21
2/26/09,19.24
2/27/09,19.43
2/28/09,19.47
3/2/09,19.8
3/3/09,20.08
3/4/09,20.34
3/5/09,20.5
3/6/09,20.6
3/9/09,20.85
3/10/09,20.78
3/11/09,20.42
3/12/09,20.29
3/13/09,20.01
3/16/09,19.64
3/17/09,19.64
3/18/09,19.61
3/19/09,19.46
3/20/09,19.46
3/23/09,19.31
3/24/09,19.21
3/25/09,19.11
3/26/09,18.88
3/27/09,18.56
3/30/09,18.64
3/31/09,18.73
4/1/09,18.8
4/2/09,18.56
4/3/09,18.45
4/6/09,18.38
4/7/09,18.36
4/8/09,18.24
4/9/09,18.13
4/10/09,
4/13/09,18
4/14/09,17.64
4/15/09,17.51
4/16/09,17.27
4/17/09,16.99
4/20/09,17.02
4/21/09,17.26
4/22/09,17.23
4/23/09,17.1
4/24/09,16.86
4/27/09,16.82
4/28/09,16.77
4/29/09,16.5
4/30/09,15.54
5/1/09,15.45
5/4/09,15.33
5/5/09,15.2
5/6/09,15.05
5/7/09,14.75
5/8/09,14.62
5/11/09,14.68
5/12/09,14.73
5/13/09,14.87
5/14/09,14.92
5/15/09,14.93
5/18/09,14.93
5/19/09,14.81
5/20/09,14.53
5/21/09,14.49
5/22/09,14.38
5/25/09,14.39
5/26/09,14.38
5/27/09,14.29
5/28/09,14.17
5/29/09,14.05
5/31/09,14.02
6/1/09,13.86
6/2/09,13.66
6/3/09,13.57
6/4/09,13.53
6/5/09,13.47
6/8/09,13.43
6/9/09,13.36
6/10/09,13.26
6/11/09,13.2
6/12/09,13.13
6/15/09,13.04
6/16/09,13.09
6/17/09,13.3
6/18/09,13.47
6/19/09,13.44
6/22/09,13.52
6/23/09,13.6
6/24/09,13.61
6/25/09,13.56
6/26/09,13.53
6/29/09,13.49
6/30/09,13.06
7/1/09,13
7/2/09,12.94
7/3/09,12.95
7/6/09,13.01
7/7/09,13
7/8/09,13.07
7/9/09,13.13
7/10/09,13.13
7/13/09,13.19
7/14/09,13.09
7/15/09,13
7/16/09,13.01
7/17/09,12.91
7/20/09,12.8
7/21/09,12.64
7/22/09,12.59
7/23/09,12.45
7/24/09,12.34
7/27/09,12.22
7/28/09,12.15
7/29/09,12.06
7/30/09,11.93
7/31/09,11.73
8/3/09,11.63
8/4/09,11.54
8/5/09,11.48
8/6/09,11.42
8/7/09,11.38
8/10/09,11.3
8/11/09,11.31
8/12/09,11.42
8/13/09,11.46
8/14/09,11.44
8/17/09,11.6
8/18/09,11.65
8/19/09,11.66
8/20/09,11.67
8/21/09,11.64
8/24/09,11.59
8/25/09,11.54
8/26/09,11.52
8/27/09,11.49
8/28/09,11.45
8/31/09,11.47
9/1/09,11.49
9/2/09,11.47
9/3/09,11.45
9/4/09,11.44
9/7/09,11.45
9/8/09,11.39
9/9/09,11.33
9/10/09,11.18
9/11/09,11.04
9/14/09,10.88
9/15/09,10.69
9/16/09,10.48
9/17/09,10.41
9/18/09,10.38
9/21/09,10.4
9/22/09,10.31
9/23/09,10.21
9/24/09,10.17
9/25/09,10.17
9/28/09,10.2
9/29/09,10.16
9/30/09,10.21
10/1/09,10.28
10/2/09,10.38
10/5/09,10.34
10/6/09,10.25
10/7/09,10.24
10/8/09,10.19
10/9/09,10.18
10/12/09,10.19
10/13/09,10.16
10/14/09,10.05
10/15/09,10.03
10/16/09,9.99
10/19/09,9.96
10/20/09,9.9
10/21/09,9.88
10/22/09,9.86
10/23/09,9.84
10/26/09,9.8
10/27/09,9.82
10/28/09,9.88
10/29/09,9.93
10/30/09,9.91
10/31/09,9.95
11/2/09,9.97
11/3/09,10.02
11/4/09,10
11/5/09,9.98
11/6/09,9.97
11/9/09,9.94
11/10/09,9.88
11/11/09,9.88
11/12/09,9.87
11/13/09,9.84
11/16/09,9.77
11/17/09,9.75
11/18/09,9.74
11/19/09,9.75
11/20/09,9.76
11/23/09,9.74
11/24/09,9.71
11/25/09,9.7
11/26/09,9.7
11/27/09,9.69
11/30/09,9.72
12/1/09,9.7
12/2/09,9.66
12/3/09,9.61
12/4/09,9.57
12/7/09,9.53
12/8/09,9.52
12/9/09,9.49
12/10/09,9.46
12/11/09,9.42
12/14/09,9.32
12/15/09,9.27
12/16/09,9.22
12/17/09,9.19
12/18/09,9.18
12/21/09,9.18
12/22/09,9.16
12/23/09,9.13
12/24/09,9.13
12/25/09,
12/28/09,9.13
12/29/09,9.11
12/30/09,9.09
12/31/09,9.08
1/1/10,
1/4/10,9.01
1/5/10,8.89
1/6/10,8.78
1/7/10,8.66
1/8/10,8.63
1/11/10,8.59
1/12/10,8.59
1/13/10,8.6
1/14/10,8.56
1/15/10,8.57
1/18/10,8.57
1/19/10,8.6
1/20/10,8.62
1/21/10,8.65
1/22/10,8.75
1/25/10,8.83
1/26/10,8.85
1/27/10,8.84
1/28/10,8.83
1/29/10,8.83
1/31/10,8.94
2/1/10,8.97
2/2/10,8.96
2/3/10,8.93
2/4/10,8.96
2/5/10,9.11
2/8/10,9.19
2/9/10,9.26
2/10/10,9.36
2/11/10,9.42
2/12/10,9.44
2/15/10,9.41
2/16/10,9.39
2/17/10,9.25
2/18/10,9.15
2/19/10,9.07
2/22/10,9.01
2/23/10,9.02
2/24/10,9
2/25/10,9.01
2/26/10,8.98
2/28/10,9.08
3/1/10,9.05
3/2/10,8.97
3/3/10,8.92
3/4/10,8.88
3/5/10,8.82
3/8/10,8.74
3/9/10,8.69
3/10/10,8.64
3/11/10,8.65
3/12/10,8.62
3/15/10,8.61
3/16/10,8.6
3/17/10,8.56
3/18/10,8.51
3/19/10,8.5
3/22/10,8.51
3/23/10,8.49
3/24/10,8.47
3/25/10,8.46
3/26/10,8.43
3/29/10,8.42
3/30/10,8.4
3/31/10,8.48
4/1/10,8.49
4/2/10,
4/5/10,8.46
4/6/10,8.44
4/7/10,8.41
4/8/10,8.41
4/9/10,8.39
4/12/10,8.34
4/13/10,8.3
4/14/10,8.24
4/15/10,8.16
4/16/10,8.14
4/19/10,8.19
4/20/10,8.16
4/21/10,8.12
4/22/10,8.11
4/23/10,8.1
4/26/10,8.06
4/27/10,8.07
4/28/10,8.11
4/29/10,8.09
4/30/10,8.13
5/3/10,8.14
5/4/10,8.17
5/5/10,8.32
5/6/10,8.53
5/7/10,8.78
5/10/10,8.64
5/11/10,8.72
5/12/10,8.59
5/13/10,8.54
5/14/10,8.61
5/17/10,8.67
5/18/10,8.68
5/19/10,8.81
5/20/10,9.06
5/21/10,9.14
5/24/10,9.1
5/25/10,9.34
5/26/10,9.24
5/27/10,9.14
5/28/10,9.09
5/31/10,9.21
6/1/10,9.26
6/2/10,9.3
6/3/10,9.22
6/4/10,9.26
6/7/10,9.29
6/8/10,9.37
6/9/10,9.38
6/10/10,9.42
6/11/10,9.41
6/14/10,9.32
6/15/10,9.24
6/16/10,9.15
6/17/10,9.02
6/18/10,8.96
6/21/10,8.83
6/22/10,8.84
6/23/10,8.86
6/24/10,8.92
6/25/10,8.92
6/28/10,8.88
6/29/10,8.96
6/30/10,9.02
7/1/10,9.05
7/2/10,9.04
7/5/10,9.04
7/6/10,9
7/7/10,8.99
7/8/10,8.89
7/9/10,8.83
7/12/10,8.79
7/13/10,8.69
7/14/10,8.6
7/15/10,8.58
7/16/10,8.58
7/19/10,8.6
7/20/10,8.59
7/21/10,8.52
7/22/10,8.46
7/23/10,8.44
7/26/10,8.39
7/27/10,8.33
7/28/10,8.31
7/29/10,8.3
7/30/10,8.29
7/31/10,8.33
8/2/10,8.31
8/3/10,8.26
8/4/10,8.24
8/5/10,8.23
8/6/10,8.21
8/9/10,8.2
8/10/10,8.22
8/11/10,8.33
8/12/10,8.42
8/13/10,8.43
8/16/10,8.38
8/17/10,8.34
8/18/10,8.31
8/19/10,8.3
8/20/10,8.34
8/23/10,8.33
8/24/10,8.36
8/25/10,8.4
8/26/10,8.38
8/27/10,8.38
8/30/10,8.36
8/31/10,8.42
9/1/10,8.37
9/2/10,8.32
9/3/10,8.29
9/6/10,8.28
9/7/10,8.26
9/8/10,8.22
9/9/10,8.19
9/10/10,8.12
9/13/10,8.04
9/14/10,7.98
9/15/10,7.95
9/16/10,7.91
9/17/10,7.89
9/20/10,7.87
9/21/10,7.84
9/22/10,7.85
9/23/10,7.88
9/24/10,7.86
9/27/10,7.84
9/28/10,7.79
9/29/10,7.75
9/30/10,7.78
10/1/10,7.73
10/4/10,7.7
10/5/10,7.63
10/6/10,7.56
10/7/10,7.52
10/8/10,7.49
10/11/10,7.49
10/12/10,7.48
10/13/10,7.41
10/14/10,7.42
10/15/10,7.43
10/18/10,7.43
10/19/10,7.43
10/20/10,7.45
10/21/10,7.42
10/22/10,7.4
10/25/10,7.35
10/26/10,7.31
10/27/10,7.3
10/28/10,7.27
10/29/10,7.27
10/31/10,7.43
11/1/10,7.44
11/2/10,7.41
11/3/10,7.38
11/4/10,7.25
11/5/10,7.2
11/8/10,7.19
11/9/10,7.18
11/10/10,7.25
11/11/10,7.25
11/12/10,7.36
11/15/10,7.4
11/16/10,7.59
11/17/10,7.58
11/18/10,7.52
11/19/10,7.54
11/22/10,7.56
11/23/10,7.66
11/24/10,7.68
11/25/10,7.68
11/26/10,7.66
11/29/10,7.71
11/30/10,7.93
12/1/10,7.88
12/2/10,7.82
12/3/10,7.79
12/6/10,7.74
12/7/10,7.69
12/8/10,7.71
12/9/10,7.71
12/10/10,7.7
12/13/10,7.69
12/14/10,7.66
12/15/10,7.69
12/16/10,7.7
12/17/10,7.68
12/20/10,7.67
12/21/10,7.64
12/22/10,7.62
12/23/10,7.6
12/24/10,7.6
12/27/10,7.59
12/28/10,7.58
12/29/10,7.55
12/30/10,7.5
12/31/10,7.6
1/3/11,7.52
1/4/11,7.48
1/5/11,7.45
1/6/11,7.41
1/7/11,7.41
1/10/11,7.42
1/11/11,7.39
1/12/11,7.35
1/13/11,7.31
1/14/11,7.27
1/17/11,7.26
1/18/11,7.26
1/19/11,7.26
1/20/11,7.28
1/21/11,7.27
1/24/11,7.24
1/25/11,7.2
1/26/11,7.19
1/27/11,7.15
1/28/11,7.14
1/31/11,7.24
2/1/11,7.21
2/2/11,7.18
2/3/11,7.16
2/4/11,7.12
2/7/11,7.1
2/8/11,7.07
2/9/11,7.07
2/10/11,7.09
2/11/11,7.09
2/14/11,7.05
2/15/11,7.04
2/16/11,7.02
2/17/11,6.98
2/18/11,6.95
2/21/11,6.94
2/22/11,6.96
2/23/11,6.99
2/24/11,7.03
2/25/11,7
2/28/11,7.09
3/1/11,7.06
3/2/11,7.06
3/3/11,7.05
3/4/11,7.05
3/7/11,7.05
3/8/11,7.04
3/9/11,7.04
3/10/11,7.1
3/11/11,7.13
3/14/11,7.12
3/15/11,7.27
3/16/11,7.24
3/17/11,7.21
3/18/11,7.16
3/21/11,7.13
3/22/11,7.12
3/23/11,7.13
3/24/11,7.12
3/25/11,7.12
3/28/11,7.11
3/29/11,7.12
3/30/11,7.11
3/31/11,7.17
4/1/11,7.13
4/4/11,7.09
4/5/11,7.1
4/6/11,7.06
4/7/11,7.03
4/8/11,7.01
4/11/11,7.01
4/12/11,7.03
4/13/11,7.01
4/14/11,6.99
4/15/11,6.99
4/18/11,6.99
4/19/11,7
4/20/11,6.96
4/21/11,6.95
4/22/11,
4/25/11,6.94
4/26/11,6.92
4/27/11,6.91
4/28/11,6.9
4/29/11,6.87
4/30/11,6.96
5/2/11,6.93
5/3/11,6.93
5/4/11,6.91
5/5/11,6.9
5/6/11,6.89
5/9/11,6.88
5/10/11,6.87
5/11/11,6.85
5/12/11,6.87
5/13/11,6.86
5/16/11,6.81
5/17/11,6.82
5/18/11,6.84
5/19/11,6.84
5/20/11,6.84
5/23/11,6.88
5/24/11,6.89
5/25/11,6.9
5/26/11,6.92
5/27/11,6.92
5/30/11,6.92
5/31/11,7.03
6/1/11,7.01
6/2/11,7.06
6/3/11,7.11
6/6/11,7.12
6/7/11,7.14
6/8/11,7.19
6/9/11,7.24
6/10/11,7.26
6/13/11,7.32
6/14/11,7.31
6/15/11,7.33
6/16/11,7.42
6/17/11,7.44
6/20/11,7.48
6/21/11,7.47
6/22/11,7.44
6/23/11,7.49
6/24/11,7.49
6/27/11,7.53
6/28/11,7.53
6/29/11,7.47
6/30/11,7.44
7/1/11,7.4
7/4/11,7.4
7/5/11,7.35
7/6/11,7.35
7/7/11,7.29
7/8/11,7.26
7/11/11,7.34
7/12/11,7.37
7/13/11,7.32
7/14/11,7.28
7/15/11,7.26
7/18/11,7.28
7/19/11,7.28
7/20/11,7.23
7/21/11,7.2
7/22/11,7.16
7/25/11,7.16
7/26/11,7.13
7/27/11,7.14
7/28/11,7.16
7/29/11,7.17
7/31/11,7.25
8/1/11,7.25
8/2/11,7.32
8/3/11,7.39
8/4/11,7.57
8/5/11,7.75
8/8/11,8.2
8/9/11,8.41
8/10/11,8.49
8/11/11,8.67
8/12/11,8.52
8/15/11,8.35
8/16/11,8.31
8/17/11,8.25
8/18/11,8.36
8/19/11,8.43
8/22/11,8.47
8/23/11,8.63
8/24/11,8.7
8/25/11,8.64
8/26/11,8.67
8/29/11,8.61
8/30/11,8.55
8/31/11,8.51
9/1/11,8.42
9/2/11,8.43
9/5/11,8.43
9/6/11,8.63
9/7/11,8.54
9/8/11,8.51
9/9/11,8.54
9/12/11,8.71
9/13/11,8.73
9/14/11,8.67
9/15/11,8.65
9/16/11,8.61
9/19/11,8.66
9/20/11,8.64
9/21/11,8.66
9/22/11,8.9
9/23/11,9.03
9/26/11,9.09
9/27/11,9.09
9/28/11,9.18
9/29/11,9.29
9/30/11,9.54
10/3/11,9.75
10/4/11,10.13
10/5/11,10.09
10/6/11,9.89
10/7/11,9.78
10/10/11,9.79
10/11/11,9.64
10/12/11,9.4
10/13/11,9.33
10/14/11,9.19
10/17/11,9.13
10/18/11,9.11
10/19/11,8.94
10/20/11,8.89
10/21/11,8.73
10/24/11,8.61
10/25/11,8.51
10/26/11,8.48
10/27/11,8.23
10/28/11,8.18
10/31/11,8.29
11/1/11,8.53
11/2/11,8.45
11/3/11,8.38
11/4/11,8.37
11/7/11,8.38
11/8/11,8.36
11/9/11,8.54
11/10/11,8.58
11/11/11,8.57
11/14/11,8.53
11/15/11,8.6
11/16/11,8.63
11/17/11,8.68
11/18/11,8.72
11/21/11,8.87
11/22/11,8.96
11/23/11,9.05
11/24/11,9.05
11/25/11,9.08
11/28/11,9.01
11/29/11,9.03
11/30/11,8.94
12/1/11,8.87
12/2/11,8.78
12/5/11,8.69
12/6/11,8.66
12/7/11,8.63
12/8/11,8.62
12/9/11,8.64
12/12/11,8.68
12/13/11,8.66
12/14/11,8.66
12/15/11,8.66
12/16/11,8.64
12/19/11,8.63
12/20/11,8.58
12/21/11,8.56
12/22/11,8.53
12/23/11,8.51
12/26/11,
12/27/11,8.5
12/28/11,8.47
12/29/11,8.41
12/30/11,8.41
12/31/11,8.29
1/2/12,
1/3/12,8.17
1/4/12,8.13
1/5/12,8.12
1/6/12,8.09
1/9/12,8.07
1/10/12,8.02
1/11/12,8.02
1/12/12,8
1/13/12,8.04
1/16/12,7.99
1/17/12,7.99
1/18/12,7.96
1/19/12,7.85
1/20/12,7.82
1/23/12,7.76
1/24/12,7.76
1/25/12,7.7
1/26/12,7.59
1/27/12,7.57
1/30/12,7.61
1/31/12,7.57
2/1/12,7.52
2/2/12,7.51
2/3/12,7.47
2/6/12,7.46
2/7/12,7.43
2/8/12,7.37
2/9/12,7.37
2/10/12,7.4
2/13/12,7.35
2/14/12,7.31
2/15/12,7.31
2/16/12,7.36
2/17/12,7.31
2/20/12,7.31
2/21/12,7.27
2/22/12,7.25
2/23/12,7.2
2/24/12,7.11
2/27/12,7.11
2/28/12,7.06
2/29/12,7.09
3/1/12,7.09
3/2/12,7.08
3/5/12,7.14
3/6/12,7.33
3/7/12,7.29
3/8/12,7.25
3/9/12,7.24
3/12/12,7.22
3/13/12,7.17
3/14/12,7.15
3/15/12,7.19
3/16/12,7.19
3/19/12,7.19
3/20/12,7.21
3/21/12,7.2
3/22/12,7.24
3/23/12,7.23
3/26/12,7.2
3/27/12,7.17
3/28/12,7.18
3/29/12,7.24
3/30/12,7.21
3/31/12,7.29
4/2/12,7.26
4/3/12,7.26
4/4/12,7.29
4/5/12,7.31
4/6/12,
4/9/12,7.39
4/10/12,7.43
4/11/12,7.43
4/12/12,7.38
4/13/12,7.37
4/16/12,7.32
4/17/12,7.27
4/18/12,7.26
4/19/12,7.25
4/20/12,7.23
4/23/12,7.26
4/24/12,7.22
4/25/12,7.14
4/26/12,7.13
4/27/12,7.07
4/30/12,7.11
5/1/12,7.06
5/2/12,7.04
5/3/12,7
5/4/12,6.98
5/7/12,6.99
5/8/12,7.01
5/9/12,7.06
5/10/12,7.03
5/11/12,7.03
5/14/12,7.08
5/15/12,7.12
5/16/12,7.19
5/17/12,7.39
5/18/12,7.47
5/21/12,7.59
5/22/12,7.54
5/23/12,7.6
5/24/12,7.6
5/25/12,7.59
5/28/12,7.59
5/29/12,7.55
5/30/12,7.61
5/31/12,7.85
6/1/12,7.99
6/4/12,8.05
6/5/12,8.12
6/6/12,8.01
6/7/12,7.9
6/8/12,7.89
6/11/12,7.81
6/12/12,7.86
6/13/12,7.84
6/14/12,7.78
6/15/12,7.74
6/18/12,7.71
6/19/12,7.57
6/20/12,7.49
6/21/12,7.46
6/22/12,7.49
6/25/12,7.53
6/26/12,7.51
6/27/12,7.45
6/28/12,7.42
6/29/12,7.3
6/30/12,7.4
7/2/12,7.34
7/3/12,7.32
7/4/12,7.31
7/5/12,7.3
7/6/12,7.31
7/9/12,7.29
7/10/12,7.24
7/11/12,7.21
7/12/12,7.25
7/13/12,7.25
7/16/12,7.21
7/17/12,7.19
7/18/12,7.14
7/19/12,7.08
7/20/12,7.08
7/23/12,7.16
7/24/12,7.16
7/25/12,7.16
7/26/12,7.13
7/27/12,7.09
7/30/12,7.02
7/31/12,6.98
8/1/12,6.95
8/2/12,6.95
8/3/12,6.9
8/6/12,6.86
8/7/12,6.84
8/8/12,6.83
8/9/12,6.85
8/10/12,6.89
8/13/12,6.88
8/14/12,6.88
8/15/12,6.9
8/16/12,6.93
8/17/12,6.91
8/20/12,6.88
8/21/12,6.84
8/22/12,6.82
8/23/12,6.79
8/24/12,6.8
8/27/12,6.77
8/28/12,6.77
8/29/12,6.74
8/30/12,6.73
8/31/12,6.82
9/3/12,6.82
9/4/12,6.8
9/5/12,6.77
9/6/12,6.72
9/7/12,6.64
9/10/12,6.6
9/11/12,6.56
9/12/12,6.47
9/13/12,6.43
9/14/12,6.31
9/17/12,6.32
9/18/12,6.3
9/19/12,6.3
9/20/12,6.34
9/21/12,6.36
9/24/12,6.42
9/25/12,6.46
9/26/12,6.66
9/27/12,6.6
9/28/12,6.58
9/30/12,6.62
10/1/12,6.58
10/2/12,6.58
10/3/12,6.55
10/4/12,6.51
10/5/12,6.49
10/8/12,6.48
10/9/12,6.49
10/10/12,6.52
10/11/12,6.48
10/12/12,6.47
10/15/12,6.39
10/16/12,6.35
10/17/12,6.29
10/18/12,6.27
10/19/12,6.31
10/22/12,6.3
10/23/12,6.41
10/24/12,6.38
10/25/12,6.37
10/26/12,6.39
10/29/12,6.42
10/30/12,
10/31/12,6.59
11/1/12,6.55
11/2/12,6.53
11/5/12,6.52
11/6/12,6.49
11/7/12,6.55
11/8/12,6.55
11/9/12,6.65
11/12/12,6.65
11/13/12,6.68
11/14/12,6.7
11/15/12,6.8
11/16/12,6.82
11/19/12,6.72
11/20/12,6.69
11/21/12,6.64
11/22/12,6.64
11/23/12,6.63
11/26/12,6.59
11/27/12,6.54
11/28/12,6.53
11/29/12,6.45
11/30/12,6.53
12/3/12,6.49
12/4/12,6.46
12/5/12,6.37
12/6/12,6.33
12/7/12,6.3
12/10/12,6.29
12/11/12,6.24
12/12/12,6.21
12/13/12,6.22
12/14/12,6.23
12/17/12,6.29
12/18/12,6.22
12/19/12,6.2
12/20/12,6.19
12/21/12,6.24
12/24/12,6.24
12/25/12,
12/26/12,6.22
12/27/12,6.23
12/28/12,6.24
12/31/12,6.31
1/1/13,
1/2/13,6.19
1/3/13,6.14
1/4/13,6.13
1/7/13,6.1
1/8/13,6.07
1/9/13,6.03
1/10/13,6
1/11/13,5.98
1/14/13,5.95
1/15/13,5.98
1/16/13,5.97
1/17/13,5.93
1/18/13,5.92
1/21/13,5.92
1/22/13,5.9
1/23/13,5.87
1/24/13,5.85
1/25/13,5.84
1/28/13,5.85
1/29/13,5.92
1/30/13,5.99
1/31/13,6.09
2/1/13,6.08
2/4/13,6.12
2/5/13,6.15
2/6/13,6.15
2/7/13,6.17
2/8/13,6.17
2/11/13,6.16
2/12/13,6.17
2/13/13,6.13
2/14/13,6.09
2/15/13,6.08
2/18/13,6.08
2/19/13,6.06
2/20/13,6.05
2/21/13,6.09
2/22/13,6.07
2/25/13,6.01
2/26/13,6.05
2/27/13,6.01
2/28/13,6.03
3/1/13,6.03
3/4/13,6.02
3/5/13,5.97
3/6/13,5.97
3/7/13,5.94
3/8/13,5.94
3/11/13,5.93
3/12/13,5.92
3/13/13,5.9
3/14/13,5.87
3/15/13,5.84
3/18/13,5.86
3/19/13,5.84
3/20/13,5.83
3/21/13,5.83
3/22/13,5.84
3/25/13,5.81
3/26/13,5.83
3/27/13,5.83
3/28/13,5.82
3/29/13,
3/31/13,5.91
4/1/13,5.9
4/2/13,5.88
4/3/13,5.87
4/4/13,5.85
4/5/13,5.88
4/8/13,5.85
4/9/13,5.83
4/10/13,5.78
4/11/13,5.72
4/12/13,5.7
4/15/13,5.73
4/16/13,5.73
4/17/13,5.74
4/18/13,5.73
4/19/13,5.73
4/22/13,5.69
4/23/13,5.66
4/24/13,5.6
4/25/13,5.55
4/26/13,5.51
4/29/13,5.45
4/30/13,5.48
5/1/13,5.42
5/2/13,5.35
5/3/13,5.32
5/6/13,5.31
5/7/13,5.26
5/8/13,5.24
5/9/13,5.24
5/10/13,5.31
5/13/13,5.43
5/14/13,5.45
5/15/13,5.46
5/16/13,5.46
5/17/13,5.47
5/20/13,5.45
5/21/13,5.44
5/22/13,5.43
5/23/13,5.58
5/24/13,5.6
5/27/13,5.59
5/28/13,5.61
5/29/13,5.81
5/30/13,5.79
5/31/13,5.93
6/3/13,6.05
6/4/13,6.08
6/5/13,6.3
6/6/13,6.34
6/7/13,6.22
6/10/13,6.24
6/11/13,6.44
6/12/13,6.41
6/13/13,6.45
6/14/13,6.32
6/17/13,6.28
6/18/13,6.27
6/19/13,6.3
6/20/13,6.66
6/21/13,6.71
6/24/13,6.99
6/25/13,7.02
6/26/13,6.92
6/27/13,6.8
6/28/13,6.74
6/30/13,6.82
7/1/13,6.78
7/2/13,6.74
7/3/13,6.77
7/4/13,6.77
7/5/13,6.84
7/8/13,6.84
7/9/13,6.76
7/10/13,6.72
7/11/13,6.54
7/12/13,6.47
7/15/13,6.39
7/16/13,6.33
7/17/13,6.24
7/18/13,6.15
7/19/13,6.11
7/22/13,6.08
7/23/13,6.07
7/24/13,6.18
7/25/13,6.29
7/26/13,6.3
7/29/13,6.29
7/30/13,6.3
7/31/13,6.34
8/1/13,6.37
8/2/13,6.36
8/5/13,6.38
8/6/13,6.41
8/7/13,6.42
8/8/13,6.4
8/9/13,6.4
8/12/13,6.4
8/13/13,6.43
8/14/13,6.4
8/15/13,6.48
8/16/13,6.5
8/19/13,6.55
8/20/13,6.58
8/21/13,6.6
8/22/13,6.62
8/23/13,6.59
8/26/13,6.56
8/27/13,6.57
8/28/13,6.57
8/29/13,6.54
8/30/13,
9/2/13,6.58
9/3/13,6.56
9/4/13,6.57
9/5/13,6.61
9/6/13,6.6
9/9/13,6.57
9/10/13,6.57
9/11/13,6.54
9/12/13,6.52
9/13/13,6.51
9/16/13,6.4
9/17/13,6.42
9/18/13,6.34
9/19/13,6.23
9/20/13,6.26
9/23/13,6.3
9/24/13,6.3
9/25/13,6.31
9/26/13,6.33
9/27/13,6.36
9/30/13,6.47
10/1/13,6.44
10/2/13,6.41
10/3/13,6.37
10/4/13,6.36
10/7/13,6.35
10/8/13,6.34
10/9/13,6.34
10/10/13,6.3
10/11/13,6.3
10/14/13,6.27
10/15/13,6.23
10/16/13,6.21
10/17/13,6.12
10/18/13,6.06
10/21/13,6.02
10/22/13,5.98
10/23/13,5.97
10/24/13,5.95
10/25/13,5.96
10/28/13,5.98
10/29/13,5.99
10/30/13,5.95
10/31/13,5.93
11/1/13,5.94
11/4/13,5.94
11/5/13,5.98
11/6/13,5.96
11/7/13,5.93
11/8/13,6.07
11/11/13,6.07
11/12/13,6.07
11/13/13,6.1
11/14/13,6.03
11/15/13,6
11/18/13,5.95
11/19/13,5.94
11/20/13,5.94
11/21/13,5.97
11/22/13,5.95
11/25/13,5.9
11/26/13,5.87
11/27/13,5.86
11/28/13,5.86
11/29/13,5.86
11/30/13,5.93
12/2/13,5.9
12/3/13,5.89
12/4/13,5.91
12/5/13,5.91
12/6/13,5.9
12/9/13,5.87
12/10/13,5.85
12/11/13,5.85
12/12/13,5.89
12/13/13,5.9
12/16/13,5.87
12/17/13,5.89
12/18/13,5.9
12/19/13,5.9
12/20/13,5.87
12/23/13,5.86
12/24/13,5.87
12/25/13,
12/26/13,5.87
12/27/13,5.87
12/30/13,5.85
12/31/13,5.93
1/1/14,
1/2/14,5.91
1/3/14,5.9
1/6/14,5.86
1/7/14,5.81
1/8/14,5.82
1/9/14,5.81
1/10/14,5.78
1/13/14,5.76
1/14/14,5.76
1/15/14,5.73
1/16/14,5.72
1/17/14,5.7
1/20/14,5.7
1/21/14,5.68
1/22/14,5.69
1/23/14,5.7
1/24/14,5.83
1/27/14,5.87
1/28/14,5.83
1/29/14,5.85
1/30/14,5.83
1/31/14,5.91
2/3/14,5.92
2/4/14,5.97
2/5/14,5.96
2/6/14,5.93
2/7/14,5.88
2/10/14,5.84
2/11/14,5.8
2/12/14,5.78
2/13/14,5.78
2/14/14,5.75
2/17/14,5.74
2/18/14,5.69
2/19/14,5.66
2/20/14,5.66
2/21/14,5.62
2/24/14,5.59
2/25/14,5.54
2/26/14,5.51
2/27/14,5.49
2/28/14,5.51
3/3/14,5.53
3/4/14,5.52
3/5/14,5.51
3/6/14,5.54
3/7/14,5.62
3/10/14,5.63
3/11/14,5.62
3/12/14,5.64
3/13/14,5.63
3/14/14,5.66
3/17/14,5.64
3/18/14,5.6
3/19/14,5.6
3/20/14,5.65
3/21/14,5.62
3/24/14,5.61
3/25/14,5.59
3/26/14,5.57
3/27/14,5.58
3/28/14,5.58
3/31/14,5.63
4/1/14,5.61
4/2/14,5.59
4/3/14,5.57
4/4/14,5.54
4/7/14,5.54
4/8/14,5.55
4/9/14,5.54
4/10/14,5.5
4/11/14,5.55
4/14/14,5.5
4/15/14,5.51
4/16/14,5.51
4/17/14,5.53
4/18/14,
4/21/14,5.52
4/22/14,5.51
4/23/14,5.5
4/24/14,5.49
4/25/14,5.5
4/28/14,5.5
4/29/14,5.49
4/30/14,5.53
5/1/14,5.53
5/2/14,5.53
5/5/14,5.54
5/6/14,5.52
5/7/14,5.52
5/8/14,5.5
5/9/14,5.5
5/12/14,5.49
5/13/14,5.46
5/14/14,5.42
5/15/14,5.44
5/16/14,5.45
5/19/14,5.43
5/20/14,5.42
5/21/14,5.43
5/22/14,5.41
5/23/14,5.45
5/26/14,5.45
5/27/14,5.43
5/28/14,5.4
5/29/14,5.4
5/30/14,5.38
5/31/14,5.33
6/2/14,5.34
6/3/14,5.36
6/4/14,5.36
6/5/14,5.35
6/6/14,5.32
6/9/14,5.3
6/10/14,5.28
6/11/14,5.28
6/12/14,5.28
6/13/14,5.28
6/16/14,5.24
6/17/14,5.25
6/18/14,5.24
6/19/14,5.2
6/20/14,5.18
6/23/14,5.16
6/24/14,5.16
6/25/14,5.19
6/26/14,5.2
6/27/14,5.21
6/30/14,5.28
7/1/14,5.29
7/2/14,5.3
7/3/14,5.3
7/4/14,5.3
7/7/14,5.29
7/8/14,5.29
7/9/14,5.31
7/10/14,5.39
7/11/14,5.38
7/14/14,5.36
7/15/14,5.4
7/16/14,5.44
7/17/14,5.49
7/18/14,5.55
7/21/14,5.57
7/22/14,5.55
7/23/14,5.52
7/24/14,5.51
7/25/14,5.52
7/28/14,5.53
7/29/14,5.57
7/30/14,5.63
7/31/14,5.9
8/1/14,6.04
8/4/14,6.02
8/5/14,5.94
8/6/14,5.97
8/7/14,5.92
8/8/14,5.92
8/11/14,5.85
8/12/14,5.81
8/13/14,5.74
8/14/14,5.66
8/15/14,5.63
8/18/14,5.58
8/19/14,5.55
8/20/14,5.53
8/21/14,5.54
8/22/14,5.54
8/25/14,5.52
8/26/14,5.52
8/27/14,5.52
8/28/14,5.51
8/29/14,5.5
8/31/14,5.55
9/1/14,5.54
9/2/14,5.57
9/3/14,5.59
9/4/14,5.64
9/5/14,5.71
9/8/14,5.72
9/9/14,5.77
9/10/14,5.86
9/11/14,5.9
9/12/14,5.94
9/15/14,5.93
9/16/14,5.96
9/17/14,5.94
9/18/14,5.89
9/19/14,5.87
9/22/14,5.89
9/23/14,5.97
9/24/14,6.05
9/25/14,6.15
9/26/14,6.25
9/29/14,6.32
9/30/14,6.26
10/1/14,6.21
10/2/14,6.2
10/3/14,6.11
10/6/14,6.04
10/7/14,6.09
10/8/14,6.15
10/9/14,6.19
10/10/14,6.32
10/13/14,6.32
10/14/14,6.38
10/15/14,6.51
10/16/14,6.47
10/17/14,6.22
10/20/14,6.2
10/21/14,6.04
10/22/14,6
10/23/14,5.98
10/24/14,5.98
10/27/14,6
10/28/14,5.99
10/29/14,6
10/30/14,6
10/31/14,6.01
11/3/14,6.01
11/4/14,6.06
11/5/14,6.04
11/6/14,6.04
11/7/14,6.04
11/10/14,6.05
11/11/14,6.05
11/12/14,6.05
11/13/14,6.07
11/14/14,6.11
11/17/14,6.16
11/18/14,6.21
11/19/14,6.27
11/20/14,6.29
11/21/14,6.22
11/24/14,6.2
11/25/14,6.17
11/26/14,6.16
11/27/14,6.16
11/28/14,6.21
11/30/14,6.27
12/1/14,6.42
12/2/14,6.49
12/3/14,6.48
12/4/14,6.48
12/5/14,6.51
12/8/14,6.57
12/9/14,6.73
12/10/14,6.83
12/11/14,6.89
12/12/14,7.04
12/15/14,7.13
12/16/14,7.28
12/17/14,7.12
12/18/14,6.84
12/19/14,6.77
12/22/14,6.71
12/23/14,6.69
12/24/14,6.69
12/25/14,
12/26/14,6.68
12/29/14,6.67
12/30/14,6.66
12/31/14,6.71
1/1/15,
1/2/15,6.72
1/5/15,6.8
1/6/15,6.89
1/7/15,6.81
1/8/15,6.71
1/9/15,6.69
1/12/15,6.7
1/13/15,6.69
1/14/15,6.73
1/15/15,6.71
1/16/15,
1/19/15,6.73
1/20/15,6.73
1/21/15,6.74
1/22/15,6.69
1/23/15,6.67
1/26/15,6.64
1/27/15,6.66
1/28/15,6.6
1/29/15,6.6
1/30/15,6.61
1/31/15,6.51
2/2/15,6.51
2/3/15,6.44
2/4/15,6.4
2/5/15,6.35
2/6/15,6.29
2/9/15,6.31
2/10/15,6.3
2/11/15,6.3
2/12/15,6.28
2/13/15,6.27
2/16/15,6.24
2/17/15,6.22
2/18/15,6.19
2/19/15,6.19
2/20/15,6.17
2/23/15,6.13
2/24/15,6.08
2/25/15,6.04
2/26/15,5.98
2/27/15,5.97
2/28/15,6.01
3/2/15,6.01
3/3/15,6.04
3/4/15,6.08
3/5/15,6.08
3/6/15,6.16
3/9/15,6.2
3/10/15,6.31
3/11/15,6.25
3/12/15,6.24
3/13/15,6.31
3/16/15,6.32
3/17/15,6.38
3/18/15,6.38
3/19/15,6.3
3/20/15,6.27
3/23/15,6.26
3/24/15,6.23
3/25/15,6.21
3/26/15,6.24
3/27/15,6.22
3/30/15,6.19
3/31/15,6.28
4/1/15,6.26
4/2/15,6.24
4/3/15,
4/6/15,6.2
4/7/15,6.13
4/8/15,6.08
4/9/15,6.09
4/10/15,6.07
4/13/15,6.05
4/14/15,6.02
4/15/15,5.98
4/16/15,5.99
4/17/15,6.02
4/20/15,6
4/21/15,5.99
4/22/15,5.98
4/23/15,5.98
4/24/15,5.96
4/27/15,5.96
4/28/15,5.97
4/29/15,6.02
4/30/15,6.12
5/1/15,6.12
5/4/15,6.1
5/5/15,6.12
5/6/15,6.17
5/7/15,6.2
5/8/15,6.12
5/11/15,6.13
5/12/15,6.23
5/13/15,6.18
5/14/15,6.14
5/15/15,6.11
5/18/15,6.12
5/19/15,6.13
5/20/15,6.14
5/21/15,6.11
5/22/15,6.12
5/25/15,
5/26/15,6.11
5/27/15,6.08
5/28/15,6.07
5/29/15,6.06
5/31/15,6.14
6/1/15,6.16
6/2/15,6.19
6/3/15,6.24
6/4/15,6.29
6/5/15,6.38
6/8/15,6.4
6/9/15,6.47
6/10/15,6.46
6/11/15,6.41
6/12/15,6.43
6/15/15,6.47
6/16/15,6.5
6/17/15,6.47
6/18/15,6.44
6/19/15,6.39
6/22/15,6.37
6/23/15,6.4
6/24/15,6.41
6/25/15,6.43
6/26/15,6.47
6/29/15,6.6
6/30/15,6.73
7/1/15,6.67
7/2/15,6.66
7/3/15,6.66
7/6/15,6.73
7/7/15,6.76
7/8/15,6.8
7/9/15,6.78
7/10/15,6.75
7/13/15,6.72
7/14/15,6.68
7/15/15,6.68
7/16/15,6.68
7/17/15,6.73
7/20/15,6.77
7/21/15,6.79
7/22/15,6.89
7/23/15,6.91
7/24/15,7.01
7/27/15,7.14
7/28/15,7.1
7/29/15,7.01
7/30/15,6.93
7/31/15,6.99
8/3/15,7.04
8/4/15,7.07
8/5/15,7
8/6/15,7.08
8/7/15,7.17
8/10/15,7.19
8/11/15,7.27
8/12/15,7.37
8/13/15,7.31
8/14/15,7.17
8/17/15,7.19
8/18/15,7.21
8/19/15,7.25
8/20/15,7.31
8/21/15,7.38
8/24/15,7.65
8/25/15,7.53
8/26/15,7.56
8/27/15,7.46
8/28/15,7.41
8/31/15,7.34
9/1/15,7.39
9/2/15,7.36
9/3/15,7.31
9/4/15,7.32
9/7/15,7.32
9/8/15,7.27
9/9/15,7.21
9/10/15,7.22
9/11/15,7.23
9/14/15,7.21
9/15/15,7.23
9/16/15,7.3
9/17/15,7.31
9/18/15,7.34
9/21/15,7.37
9/22/15,7.51
9/23/15,7.52
9/24/15,7.66
9/25/15,7.71
9/28/15,7.98
9/29/15,8.06
9/30/15,8.09
10/1/15,8.14
10/2/15,8.23
10/5/15,8.07
10/6/15,7.96
10/7/15,7.78
10/8/15,7.76
10/9/15,7.63
10/12/15,7.64
10/13/15,7.71
10/14/15,7.69
10/15/15,7.68
10/16/15,7.62
10/19/15,7.6
10/20/15,7.55
10/21/15,7.52
10/22/15,7.54
10/23/15,7.47
10/26/15,7.49
10/27/15,7.52
10/28/15,7.51
10/29/15,7.49
10/30/15,7.46
10/31/15,7.5
11/2/15,7.47
11/3/15,7.43
11/4/15,7.43
11/5/15,7.51
11/6/15,7.62
11/9/15,7.73
11/10/15,7.78
11/11/15,7.78
11/12/15,7.9
11/13/15,7.98
11/16/15,7.99
11/17/15,7.9
11/18/15,7.92
11/19/15,7.99
11/20/15,8.04
11/23/15,8.07
11/24/15,8.11
11/25/15,8.07
11/26/15,8.07
11/27/15,8.07
11/30/15,8.13
12/1/15,8.08
12/2/15,8.04
12/3/15,8.13
12/4/15,8.15
12/7/15,8.26
12/8/15,8.41
12/9/15,8.43
12/10/15,8.46
12/11/15,8.75
12/14/15,9.06
12/15/15,8.86
12/16/15,8.79
12/17/15,8.79
12/18/15,8.94
12/21/15,8.98
12/22/15,8.92
12/23/15,8.84
12/24/15,8.83
12/25/15,
12/28/15,8.84
12/29/15,8.8
12/30/15,8.78
12/31/15,8.76
1/1/16,
1/4/16,8.88
1/5/16,8.81
1/6/16,8.82
1/7/16,8.92
1/8/16,8.89
1/11/16,8.97
1/12/16,9
1/13/16,9.08
1/14/16,9.16
1/15/16,9.42
1/18/16,9.43
1/19/16,9.42
1/20/16,9.76
1/21/16,9.64
1/22/16,9.42
1/25/16,9.38
1/26/16,9.33
1/27/16,9.28
1/28/16,9.23
1/29/16,9.16
1/31/16,9.19
2/1/16,9.25
2/2/16,9.35
2/3/16,9.4
2/4/16,9.38
2/5/16,9.45
2/8/16,9.76
2/9/16,9.88
2/10/16,9.78
2/11/16,10.07
2/12/16,9.93
2/15/16,9.87
2/16/16,9.75
2/17/16,9.56
2/18/16,9.46
2/19/16,9.53
2/22/16,9.4
2/23/16,9.4
2/24/16,9.46
2/25/16,9.33
2/26/16,9.12
2/29/16,9.08
3/1/16,8.89
3/2/16,8.75
3/3/16,8.71
3/4/16,8.56
3/7/16,8.53
3/8/16,8.58
3/9/16,8.63
3/10/16,8.57
3/11/16,8.38
3/14/16,8.29
3/15/16,8.39
3/16/16,8.43
3/17/16,8.29
3/18/16,8.14
3/21/16,8.12
3/22/16,8.18
3/23/16,8.23
3/24/16,8.39
3/25/16,
3/28/16,8.43
3/29/16,8.51
3/30/16,8.38
3/31/16,8.37
4/1/16,8.38
4/4/16,8.35
4/5/16,8.42
4/6/16,8.34
4/7/16,8.35
4/8/16,8.3
4/11/16,8.26
4/12/16,8.19
4/13/16,8.02
4/14/16,7.92
4/15/16,7.91
4/18/16,7.93
4/19/16,7.79
4/20/16,7.7
4/21/16,7.7
4/22/16,7.72
4/25/16,7.76
4/26/16,7.72
4/27/16,7.65
4/28/16,7.56
4/29/16,7.59
4/30/16,7.58
5/2/16,7.57
5/3/16,7.66
5/4/16,7.72
5/5/16,7.72
5/6/16,7.8
5/9/16,7.82
5/10/16,7.75
5/11/16,7.69
5/12/16,7.68
5/13/16,7.7
5/16/16,7.63
5/17/16,7.61
5/18/16,7.63
5/19/16,7.73
5/20/16,7.65
5/23/16,7.65
5/24/16,7.58
5/25/16,7.5
5/26/16,7.49
5/27/16,7.5
5/30/16,7.5
5/31/16,7.4
6/1/16,7.46
6/2/16,7.43
6/3/16,7.4
6/6/16,7.32
6/7/16,7.23
6/8/16,7.14
6/9/16,7.15
6/10/16,7.24
6/13/16,7.29
6/14/16,7.41
6/15/16,7.37
6/16/16,7.49
6/17/16,7.42
6/20/16,7.26
6/21/16,7.28
6/22/16,7.23
6/23/16,7.14
6/24/16,7.49
6/27/16,7.64
6/28/16,7.55
6/29/16,7.35
6/30/16,7.32
7/1/16,7.22
7/4/16,7.22
7/5/16,7.2
7/6/16,7.2
7/7/16,7.08
7/8/16,6.93
7/11/16,6.78
7/12/16,6.64
7/13/16,6.74
7/14/16,6.63
7/15/16,6.67
7/18/16,6.67
7/19/16,6.67
7/20/16,6.64
7/21/16,6.62
7/22/16,6.62
7/25/16,6.63
7/26/16,6.69
7/27/16,6.7
7/28/16,6.73
7/29/16,6.76
7/31/16,6.83
8/1/16,6.85
8/2/16,6.91
8/3/16,6.89
8/4/16,6.78
8/5/16,6.69
8/8/16,6.66
8/9/16,6.57
8/10/16,6.56
8/11/16,6.56
8/12/16,6.54
8/15/16,6.46
8/16/16,6.42
8/17/16,6.43
8/18/16,6.4
8/19/16,6.4
8/22/16,6.4
8/23/16,6.37
8/24/16,6.36
8/25/16,6.39
8/26/16,6.37
8/29/16,6.37
8/30/16,6.33
8/31/16,6.37
9/1/16,6.4
9/2/16,6.38
9/5/16,6.38
9/6/16,6.32
9/7/16,6.3
9/8/16,6.28
9/9/16,6.43
9/12/16,6.5
9/13/16,6.6
9/14/16,6.56
9/15/16,6.56
9/16/16,6.59
9/19/16,6.56
9/20/16,6.56
9/21/16,6.52
9/22/16,6.37
9/23/16,6.36
9/26/16,6.4
9/27/16,6.4
9/28/16,6.36
9/29/16,6.3
9/30/16,6.24
10/3/16,6.23
10/4/16,6.2
10/5/16,6.16
10/6/16,6.15
10/7/16,6.15
10/10/16,6.15
10/11/16,6.16
10/12/16,6.18
10/13/16,6.2
10/14/16,6.13
10/17/16,6.14
10/18/16,6.08
10/19/16,6.02
10/20/16,5.99
10/21/16,5.99
10/24/16,5.98
10/25/16,5.98
10/26/16,6.06
10/27/16,6.14
10/28/16,6.19
10/31/16,6.34
11/1/16,6.46
11/2/16,6.54
11/3/16,6.54
11/4/16,6.57
11/7/16,6.42
11/8/16,6.44
11/9/16,6.54
11/10/16,6.62
11/11/16,6.62
11/14/16,6.86
11/15/16,6.72
11/16/16,6.71
11/17/16,6.66
11/18/16,6.7
11/21/16,6.65
11/22/16,6.55
11/23/16,6.56
11/24/16,6.55
11/25/16,6.55
11/28/16,6.52
11/29/16,6.54
11/30/16,6.58
12/1/16,6.59
12/2/16,6.56
12/5/16,6.5
12/6/16,6.42
12/7/16,6.31
12/8/16,6.29
12/9/16,6.25
12/12/16,6.22
12/13/16,6.19
12/14/16,6.17
12/15/16,6.3
12/16/16,6.31
12/19/16,6.29
12/20/16,6.28
12/21/16,6.25
12/22/16,6.23
12/23/16,6.21
12/26/16,
12/27/16,6.19
12/28/16,6.18
12/29/16,6.17
12/30/16,6.16
12/31/16,6.19
1/2/17,
1/3/17,6.12
1/4/17,6.02
1/5/17,5.96
1/6/17,5.95
1/9/17,5.95
1/10/17,5.93
1/11/17,5.95
1/12/17,5.96
1/13/17,5.95
1/16/17,5.92
1/17/17,5.93
1/18/17,5.94
1/19/17,5.98
1/20/17,6
1/23/17,6.01
1/24/17,5.99
1/25/17,5.94
1/26/17,5.92
1/27/17,5.9
1/30/17,5.93
1/31/17,5.96
2/1/17,5.93
2/2/17,5.9
2/3/17,5.84
2/6/17,5.83
2/7/17,5.83
2/8/17,5.85
2/9/17,5.85
2/10/17,5.84
2/13/17,5.82
2/14/17,5.8
2/15/17,5.8
2/16/17,5.8
2/17/17,5.8
2/20/17,5.8
2/21/17,5.75
2/22/17,5.72
2/23/17,5.68
2/24/17,5.68
2/27/17,5.66
2/28/17,5.68
3/1/17,5.61
3/2/17,5.62
3/3/17,5.66
3/6/17,5.72
3/7/17,5.82
3/8/17,5.91
3/9/17,6.04
3/10/17,6.03
3/13/17,6.1
3/14/17,6.19
3/15/17,6.07
3/16/17,5.95
3/17/17,5.96
3/20/17,5.99
3/21/17,6.03
3/22/17,6.11
3/23/17,6.08
3/24/17,6.03
3/27/17,6.06
3/28/17,5.99
3/29/17,5.9
3/30/17,5.82
3/31/17,5.9
4/3/17,5.91
4/4/17,5.91
4/5/17,5.84
4/6/17,5.85
4/7/17,5.82
4/10/17,5.81
4/11/17,5.83
4/12/17,5.85
4/13/17,5.85
4/14/17,
4/17/17,5.83
4/18/17,5.84
4/19/17,5.8
4/20/17,5.8
4/21/17,5.79
4/24/17,5.72
4/25/17,5.68
4/26/17,5.65
4/27/17,5.65
4/28/17,5.62
4/30/17,5.7
5/1/17,5.7
5/2/17,5.68
5/3/17,5.68
5/4/17,5.75
5/5/17,5.77
5/8/17,5.76
5/9/17,5.73
5/10/17,5.72
5/11/17,5.71
5/12/17,5.69
5/15/17,5.64
5/16/17,5.62
5/17/17,5.65
5/18/17,5.68
5/19/17,5.62
5/22/17,5.58
5/23/17,5.55
5/24/17,5.54
5/25/17,5.52
5/26/17,5.52
5/29/17,5.52
5/30/17,5.5
5/31/17,5.57
6/1/17,5.53
6/2/17,5.49
6/5/17,5.49
6/6/17,5.51
6/7/17,5.54
6/8/17,5.59
6/9/17,5.57
6/12/17,5.56
6/13/17,5.53
6/14/17,5.49
6/15/17,5.54
6/16/17,5.56
6/19/17,5.54
6/20/17,5.59
6/21/17,5.66
6/22/17,5.68
6/23/17,5.66
6/26/17,5.63
6/27/17,5.63
6/28/17,5.63
6/29/17,5.65
6/30/17,5.71
7/3/17,5.7
7/4/17,5.7
7/5/17,5.7
7/6/17,5.77
7/7/17,5.84
7/10/17,5.82
7/11/17,5.82
7/12/17,5.75
7/13/17,5.72
7/14/17,5.65
7/17/17,5.6
7/18/17,5.57
7/19/17,5.52
7/20/17,5.49
7/21/17,5.49
7/24/17,5.51
7/25/17,5.48
7/26/17,5.45
7/27/17,5.46
7/28/17,5.47
7/31/17,5.51
8/1/17,5.47
8/2/17,5.48
8/3/17,5.49
8/4/17,5.51
8/7/17,5.51
8/8/17,5.53
8/9/17,5.67
8/10/17,5.76
8/11/17,5.8
8/14/17,5.72
8/15/17,5.74
8/16/17,5.72
8/17/17,5.74
8/18/17,5.79
8/21/17,5.8
8/22/17,5.76
8/23/17,5.75
8/24/17,5.72
8/25/17,5.69
8/28/17,5.67
8/29/17,5.66
8/30/17,5.63
8/31/17,5.63
9/1/17,5.63
9/4/17,5.63
9/5/17,5.64
9/6/17,5.6
9/7/17,5.6
9/8/17,5.64
9/11/17,5.62
9/12/17,5.62
9/13/17,5.61
9/14/17,5.58
9/15/17,5.58
9/18/17,5.55
9/19/17,5.54
9/20/17,5.52
9/21/17,5.54
9/22/17,5.55
9/25/17,5.53
9/26/17,5.5
9/27/17,5.51
9/28/17,5.5
9/29/17,5.49
9/30/17,5.53
10/2/17,5.53
10/3/17,5.52
10/4/17,5.52
10/5/17,5.51
10/6/17,5.53
10/9/17,5.52
10/10/17,5.51
10/11/17,5.52
10/12/17,5.55
10/13/17,5.55
10/16/17,5.51
10/17/17,5.49
10/18/17,5.48
10/19/17,5.48
10/20/17,5.47
10/23/17,5.43
10/24/17,5.43
10/25/17,5.5
10/26/17,5.5
10/27/17,5.51
10/30/17,5.5
10/31/17,5.56
11/1/17,5.54
11/2/17,5.56
11/3/17,5.56
11/6/17,5.57
11/7/17,5.59
11/8/17,5.7
11/9/17,5.83
11/10/17,5.85
11/13/17,5.87
11/14/17,5.93
11/15/17,6.02
11/16/17,5.87
11/17/17,5.84
11/20/17,5.81
11/21/17,5.78
11/22/17,5.76
11/23/17,5.76
11/24/17,5.76
11/27/17,5.73
11/28/17,5.75
11/29/17,5.74
11/30/17,5.78
12/1/17,5.77
12/4/17,5.74
12/5/17,5.74
12/6/17,5.77
12/7/17,5.79
12/8/17,5.8
12/11/17,5.78
12/12/17,5.77
12/13/17,5.77
12/14/17,5.77
12/15/17,5.79
12/18/17,5.81
12/19/17,5.82
12/20/17,5.83
12/21/17,5.82
12/22/17,5.82
12/25/17,
12/26/17,5.82
12/27/17,5.79
12/28/17,5.78
12/29/17,5.78
12/31/17,5.84
1/1/18,
1/2/18,5.81
1/3/18,5.73
1/4/18,5.67
1/5/18,5.64
1/8/18,5.64
1/9/18,5.66
1/10/18,5.75
1/11/18,5.72
1/12/18,5.72
1/15/18,5.69
1/16/18,5.69
1/17/18,5.71
1/18/18,5.75
1/19/18,5.77
1/22/18,5.76
1/23/18,5.72
1/24/18,5.71
1/25/18,5.69
1/26/18,5.69
1/29/18,5.74
1/30/18,5.82
1/31/18,5.8
2/1/18,5.85
2/2/18,5.96
2/5/18,6.02
2/6/18,6.12
2/7/18,6.03
2/8/18,6.18
2/9/18,6.36
2/12/18,6.29
2/13/18,6.35
2/14/18,6.33
2/15/18,6.21
2/16/18,6.13
2/19/18,6.13
2/20/18,6.13
2/21/18,6.14
2/22/18,6.19
2/23/18,6.2
2/26/18,6.11
2/27/18,6.13
2/28/18,6.13
3/1/18,6.19
3/2/18,6.29
3/5/18,6.25
3/6/18,6.19
3/7/18,6.22
3/8/18,6.21
3/9/18,6.2
3/12/18,6.2
3/13/18,6.22
3/14/18,6.23
3/15/18,6.24
3/16/18,6.24
3/19/18,6.29
3/20/18,6.3
3/21/18,6.29
3/22/18,6.33
3/23/18,6.36
3/26/18,6.37
3/27/18,6.34
3/28/18,6.36
3/29/18,6.35
3/30/18,
3/31/18,6.3
4/2/18,6.33
4/3/18,6.32
4/4/18,6.32
4/5/18,6.24
4/6/18,6.24
4/9/18,6.22
4/10/18,6.15
4/11/18,6.13
4/12/18,6.1
4/13/18,6.05
4/16/18,6
4/17/18,5.95
4/18/18,5.96
4/19/18,6.08
4/20/18,6.11
4/23/18,6.16
4/24/18,6.21
4/25/18,6.3
4/26/18,6.23
4/27/18,6.22
4/30/18,6.25
5/1/18,6.29
5/2/18,6.26
5/3/18,6.29
5/4/18,6.27
5/7/18,6.25
5/8/18,6.27
5/9/18,6.27
5/10/18,6.24
5/11/18,6.23
5/14/18,6.21
5/15/18,6.27
5/16/18,6.29
5/17/18,6.28
5/18/18,6.29
5/21/18,6.29
5/22/18,6.28
5/23/18,6.3
5/24/18,6.29
5/25/18,6.29
5/28/18,6.29
5/29/18,6.34
5/30/18,6.31
5/31/18,6.31
6/1/18,6.3
6/4/18,6.28
6/5/18,6.27
6/6/18,6.25
6/7/18,6.22
6/8/18,6.24
6/11/18,6.2
6/12/18,6.19
6/13/18,6.17
6/14/18,6.12
6/15/18,6.12
6/18/18,6.13
6/19/18,6.16
6/20/18,6.13
6/21/18,6.15
6/22/18,6.15
6/25/18,6.2
6/26/18,6.22
6/27/18,6.25
6/28/18,6.35
6/29/18,6.33
6/30/18,6.44
7/2/18,6.54
7/3/18,6.5
7/4/18,6.5
7/5/18,6.49
7/6/18,6.47
7/9/18,6.41
7/10/18,6.37
7/11/18,6.4
7/12/18,6.37
7/13/18,6.35
7/16/18,6.34
7/17/18,6.33
7/18/18,6.32
7/19/18,6.33
7/20/18,6.32
7/23/18,6.32
7/24/18,6.29
7/25/18,6.29
7/26/18,6.27
7/27/18,6.26
7/30/18,6.26
7/31/18,6.31
8/1/18,6.31
8/2/18,6.29
8/3/18,6.26
8/6/18,6.25
8/7/18,6.2
8/8/18,6.22
8/9/18,6.2
8/10/18,6.25
8/13/18,6.28
8/14/18,6.26
8/15/18,6.29
8/16/18,6.24
8/17/18,6.24
8/20/18,6.23
8/21/18,6.21
8/22/18,6.19
8/23/18,6.19
8/24/18,6.19
8/27/18,6.18
8/28/18,6.18
8/29/18,6.18
8/30/18,6.19
8/31/18,6.25
9/3/18,6.25
9/4/18,6.25
9/5/18,6.28
9/6/18,6.28
9/7/18,6.31
9/10/18,6.3
9/11/18,6.28
9/12/18,6.24
9/13/18,6.22
9/14/18,6.19
9/17/18,6.19
9/18/18,6.17
9/19/18,6.2
9/20/18,6.21
9/21/18,6.2
9/24/18,6.24
9/25/18,6.24
9/26/18,6.21
9/27/18,6.2
9/28/18,6.19
9/30/18,6.23
10/1/18,6.18
10/2/18,6.17
10/3/18,6.19
10/4/18,6.35
10/5/18,6.4
10/8/18,6.4
10/9/18,6.48
10/10/18,6.58
10/11/18,6.58
10/12/18,6.54
10/15/18,6.51
10/16/18,6.46
10/17/18,6.49
10/18/18,6.53
10/19/18,6.56
10/22/18,6.57
10/23/18,6.66
10/24/18,6.65
10/25/18,6.7
10/26/18,6.77
10/29/18,6.77
10/30/18,6.83
10/31/18,6.82
11/1/18,6.81
11/2/18,6.78
11/5/18,6.77
11/6/18,6.75
11/7/18,6.68
11/8/18,6.67
11/9/18,6.78
11/12/18,6.78
11/13/18,6.9
11/14/18,6.96
11/15/18,7.07
11/16/18,7.1
11/19/18,7.15
11/20/18,7.23
11/21/18,7.16
11/22/18,7.16
11/23/18,7.2
11/26/18,7.19
11/27/18,7.23
11/28/18,7.14
11/29/18,7.11
11/30/18,7.19
12/3/18,7.08
12/4/18,7.13
12/5/18,7.13
12/6/18,7.3
12/7/18,7.25
12/10/18,7.32
12/11/18,7.28
12/12/18,7.21
12/13/18,7.2
12/14/18,7.24
12/17/18,7.32
12/18/18,7.42
12/19/18,7.51
12/20/18,7.81
12/21/18,7.91
12/24/18,7.99
12/25/18,
12/26/18,8.05
12/27/18,8
12/28/18,7.91
12/31/18,7.89
1/1/19,
1/2/19,7.89
1/3/19,7.86
1/4/19,7.58
1/7/19,7.4
1/8/19,7.26
1/9/19,7.13
1/10/19,7.15
1/11/19,7.13
1/14/19,7.16
1/15/19,7.12
1/16/19,7.03
1/17/19,7.01
1/18/19,6.93
1/21/19,6.93
1/22/19,7.01
1/23/19,7.01
1/24/19,7.03
1/25/19,6.96
1/28/19,7.03
1/29/19,6.98
1/30/19,6.91
1/31/19,6.86
2/1/19,6.85
2/4/19,6.83
2/5/19,6.72
2/6/19,6.69
2/7/19,6.8
2/8/19,6.82
2/11/19,6.81
2/12/19,6.71
2/13/19,6.7
2/14/19,6.69
2/15/19,6.65
2/18/19,6.65
2/19/19,6.62
2/20/19,6.59
2/21/19,6.59
2/22/19,6.56
2/25/19,6.53
2/26/19,6.5
2/27/19,6.48
2/28/19,6.49
3/1/19,6.48
3/4/19,6.49
3/5/19,6.51
3/6/19,6.55
3/7/19,6.61
3/8/19,6.68
3/11/19,6.64
3/12/19,6.56
3/13/19,6.48
3/14/19,6.45
3/15/19,6.42
3/18/19,6.43
3/19/19,6.4
3/20/19,6.38
3/21/19,6.33
3/22/19,6.37
3/25/19,6.41
3/26/19,6.37
3/27/19,6.33
3/28/19,6.34
3/29/19,6.29
3/31/19,6.36
4/1/19,6.31
4/2/19,6.3
4/3/19,6.28
4/4/19,6.28
4/5/19,6.23
4/8/19,6.23
4/9/19,6.23
4/10/19,6.21
4/11/19,6.17
4/12/19,6.11
4/15/19,6.1
4/16/19,6.09
4/17/19,6.12
4/18/19,6.14
4/19/19,
4/22/19,6.17
4/23/19,6.13
4/24/19,6.1
4/25/19,6.13
4/26/19,6.11
4/29/19,6.1
4/30/19,6.08
5/1/19,6.08
5/2/19,6.15
5/3/19,6.11
5/6/19,6.18
5/7/19,6.21
5/8/19,6.22
5/9/19,6.31
5/10/19,6.32
5/13/19,6.46
5/14/19,6.39
5/15/19,6.39
5/16/19,6.32
5/17/19,6.32
5/20/19,6.34
5/21/19,6.29
5/22/19,6.29
5/23/19,6.37
5/24/19,6.35
5/27/19,6.35
5/28/19,6.33
5/29/19,6.45
5/30/19,6.42
5/31/19,6.6
6/3/19,6.63
6/4/19,6.49
6/5/19,6.43
6/6/19,6.39
6/7/19,6.3
6/10/19,6.21
6/11/19,6.18
6/12/19,6.19
6/13/19,6.15
6/14/19,6.15
6/17/19,6.15
6/18/19,6.05
6/19/19,6.01
6/20/19,5.85
6/21/19,5.83
6/24/19,5.83
6/25/19,5.9
6/26/19,5.93
6/27/19,5.92
6/28/19,5.89
6/30/19,5.9
7/1/19,5.86
7/2/19,5.86
7/3/19,
7/4/19,5.83
7/5/19,5.89
7/8/19,5.92
7/9/19,5.96
7/10/19,5.91
7/11/19,5.95
7/12/19,5.95
7/15/19,5.92
7/16/19,5.91
7/17/19,5.92
7/18/19,5.97
7/19/19,5.95
7/22/19,5.93
7/23/19,5.89
7/24/19,5.85
7/25/19,5.84
7/26/19,5.82
7/29/19,5.84
7/30/19,5.87
7/31/19,5.85
8/1/19,5.86
8/2/19,5.94
8/5/19,6.15
8/6/19,6.09
8/7/19,6.11
8/8/19,5.93
8/9/19,5.96
8/12/19,5.97
8/13/19,5.89
8/14/19,6.04
8/15/19,6.02
8/16/19,5.96
8/19/19,5.91
8/20/19,5.87
8/21/19,5.75
8/22/19,5.73
8/23/19,5.74
8/26/19,5.73
8/27/19,5.67
8/28/19,5.62
8/29/19,5.58
8/30/19,5.55
8/31/19,5.59
9/2/19,5.59
9/3/19,5.64
9/4/19,5.62
9/5/19,5.57
9/6/19,5.54
9/9/19,5.53
9/10/19,5.52
9/11/19,5.58
9/12/19,5.56
9/13/19,5.64
9/16/19,5.57
9/17/19,5.55
9/18/19,5.56
9/19/19,5.51
9/20/19,5.52
9/23/19,5.5
9/24/19,5.49
9/25/19,5.6
9/26/19,5.59
9/27/19,5.62
9/30/19,5.65
10/1/19,5.66
10/2/19,5.8
10/3/19,5.84
10/4/19,5.8
10/7/19,5.78
10/8/19,5.83
10/9/19,5.81
10/10/19,5.82
10/11/19,5.75
10/14/19,5.72
10/15/19,5.67
10/16/19,5.64
10/17/19,5.64
10/18/19,5.64
10/21/19,5.65
10/22/19,5.64
10/23/19,5.61
10/24/19,5.58
10/25/19,5.57
10/28/19,5.57
10/29/19,5.56
10/30/19,5.63
10/31/19,5.73
11/1/19,5.71
11/4/19,5.65
11/5/19,5.69
11/6/19,5.7
11/7/19,5.74
11/8/19,5.78
11/11/19,5.78
11/12/19,5.76
11/13/19,5.78
11/14/19,5.76
11/15/19,5.75
11/18/19,5.77
11/19/19,5.78
11/20/19,5.81
11/21/19,5.83
11/22/19,5.8
11/25/19,5.73
11/26/19,5.68
11/27/19,5.66
11/28/19,
11/29/19,5.67
11/30/19,5.7
12/2/19,5.75
12/3/19,5.75
12/4/19,5.69
12/5/19,5.68
12/6/19,5.62
12/9/19,5.6
12/10/19,5.57
12/11/19,5.53
12/12/19,5.48
12/13/19,5.42
12/16/19,5.37
12/17/19,5.33
12/18/19,5.28
12/19/19,5.3
12/20/19,5.29
12/23/19,5.3
12/24/19,5.29
12/25/19,
12/26/19,5.28
12/27/19,5.27
12/30/19,5.3
12/31/19,5.33
1/1/20,
1/2/20,5.28
1/3/20,5.25
1/6/20,5.23
1/7/20,5.21
1/8/20,5.22
1/9/20,5.19
1/10/20,5.17
1/13/20,5.17
1/14/20,5.12
1/15/20,5.08
1/16/20,5.08
1/17/20,5.06
1/20/20,5.06
1/21/20,5.09
1/22/20,5.11
1/23/20,5.18
1/24/20,5.23
1/27/20,5.5
1/28/20,5.37
1/29/20,5.3
1/30/20,5.38
1/31/20,5.43
2/3/20,5.38
2/4/20,5.34
2/5/20,5.27
2/6/20,5.22
2/7/20,5.21
2/10/20,5.19
2/11/20,5.12
2/12/20,5.09
2/13/20,5.07
2/14/20,5.03
2/17/20,5.03
2/18/20,5.04
2/19/20,5.02
2/20/20,5.03
2/21/20,5.02
2/24/20,5.31
2/25/20,5.4
2/26/20,5.47
2/27/20,5.79
2/28/20,6.02
2/29/20,6.07
3/2/20,5.93
3/3/20,5.72
3/4/20,5.58
3/5/20,5.82
3/6/20,6.27
3/9/20,7.17
3/10/20,7.05
3/11/20,7.34
3/12/20,8.15
3/13/20,8.1
3/16/20,8.96
3/17/20,9.17
3/18/20,9.98
3/19/20,10.62
3/20/20,10.75
3/23/20,11.38
3/24/20,11.13
3/25/20,10.69
3/26/20,9.82
3/27/20,9.46
3/30/20,9.24
3/31/20,9.2
4/1/20,9.53
4/2/20,9.6
4/3/20,9.84
4/6/20,9.74
4/7/20,9.39
4/8/20,9.33
4/9/20,8.42